0,00;0,000
105,00;0,000
106,00;0,028
107,00;0,056
108,00;0,084
109,00;0,112
110,00;0,140
111,00;0,168
112,00;0,196
113,00;0,224
114,00;0,252
115,00;0,280
116,00;0,308
117,00;0,336
118,00;0,364
119,00;0,392
120,00;0,421
121,00;0,540
122,00;0,660
123,00;0,780
124,00;0,900
125,00;1,020
126,00;1,140
127,00;1,260
128,00;1,380
129,00;1,500
130,00;1,620
131,00;1,783
132,00;1,946
133,00;2,110
134,00;2,273
135,00;2,436
136,00;2,600
137,00;2,763
138,00;2,927
139,00;3,090
140,00;3,253
141,00;3,351
142,00;3,448
143,00;3,545
144,00;3,643
145,00;3,740
146,00;3,837
147,00;3,935
148,00;4,032
149,00;4,130
150,00;4,227
151,00;4,102
151,01;4,103
151,02;4,105
151,03;4,107
151,04;4,108
151,05;4,110
151,06;4,111
151,07;4,113
151,08;4,115
151,09;4,116
151,10;4,118
151,11;4,119
151,12;4,121
151,13;4,123
151,14;4,124
151,15;4,126
151,16;4,127
151,17;4,129
151,18;4,130
151,19;4,132
151,20;4,133
151,21;4,135
151,22;4,136
151,23;4,138
151,24;4,139
151,25;4,141
151,26;4,142
151,27;4,144
151,28;4,145
151,29;4,147
151,30;4,148
151,31;4,150
151,32;4,151
151,33;4,153
151,34;4,155
151,35;4,156
151,36;4,158
151,37;4,159
151,38;4,161
151,39;4,162
151,40;4,164
151,41;4,165
151,42;4,167
151,43;4,168
151,44;4,170
151,45;4,171
151,46;4,173
151,47;4,174
151,48;4,176
151,49;4,177
151,50;4,179
151,51;4,180
151,52;4,182
151,53;4,184
151,54;4,185
151,55;4,187
151,56;4,188
151,57;4,190
151,58;4,191
151,59;4,193
151,60;4,194
151,61;4,196
151,62;4,197
151,63;4,199
151,64;4,200
151,65;4,202
151,66;4,204
151,67;4,205
151,68;4,207
151,69;4,208
151,70;4,210
151,71;4,211
151,72;4,213
151,73;4,214
151,74;4,216
151,75;4,218
151,76;4,219
151,77;4,221
151,78;4,222
151,79;4,224
151,80;4,225
151,81;4,227
151,82;4,229
151,83;4,230
151,84;4,232
151,85;4,233
151,86;4,235
151,87;4,236
151,88;4,238
151,89;4,239
151,90;4,241
151,91;4,242
151,92;4,244
151,93;4,246
151,94;4,247
151,95;4,249
151,96;4,250
151,97;4,252
151,98;4,253
151,99;4,255
152,00;4,256
152,01;4,258
152,02;4,259
152,03;4,261
152,04;4,263
152,05;4,264
152,06;4,266
152,07;4,268
152,08;4,269
152,09;4,271
152,10;4,272
152,11;4,274
152,12;4,276
152,13;4,277
152,14;4,279
152,15;4,280
152,16;4,282
152,17;4,284
152,18;4,285
152,19;4,287
152,20;4,288
152,21;4,290
152,22;4,292
152,23;4,293
152,24;4,295
152,25;4,296
152,26;4,298
152,27;4,299
152,28;4,301
152,29;4,303
152,30;4,304
152,31;4,306
152,32;4,307
152,33;4,309
152,34;4,311
152,35;4,312
152,36;4,314
152,37;4,315
152,38;4,317
152,39;4,319
152,40;4,320
152,41;4,322
152,42;4,323
152,43;4,325
152,44;4,327
152,45;4,328
152,46;4,330
152,47;4,332
152,48;4,333
152,49;4,335
152,50;4,336
152,51;4,338
152,52;4,340
152,53;4,341
152,54;4,343
152,55;4,344
152,56;4,346
152,57;4,348
152,58;4,349
152,59;4,351
152,60;4,352
152,61;4,354
152,62;4,356
152,63;4,357
152,64;4,359
152,65;4,360
152,66;4,362
152,67;4,364
152,68;4,365
152,69;4,367
152,70;4,368
152,71;4,370
152,72;4,372
152,73;4,373
152,74;4,375
152,75;4,376
152,76;4,378
152,77;4,380
152,78;4,381
152,79;4,383
152,80;4,384
152,81;4,386
152,82;4,388
152,83;4,389
152,84;4,391
152,85;4,392
152,86;4,394
152,87;4,395
152,88;4,397
152,89;4,399
152,90;4,400
152,91;4,402
152,92;4,403
152,93;4,405
152,94;4,406
152,95;4,408
152,96;4,409
152,97;4,411
152,98;4,412
152,99;4,414
153,00;4,416
153,01;4,417
153,02;4,419
153,03;4,420
153,04;4,422
153,05;4,423
153,06;4,425
153,07;4,426
153,08;4,428
153,09;4,430
153,10;4,431
153,11;4,433
153,12;4,434
153,13;4,436
153,14;4,438
153,15;4,439
153,16;4,441
153,17;4,442
153,18;4,444
153,19;4,445
153,20;4,447
153,21;4,448
153,22;4,450
153,23;4,452
153,24;4,453
153,25;4,455
153,26;4,456
153,27;4,458
153,28;4,459
153,29;4,461
153,30;4,462
153,31;4,464
153,32;4,465
153,33;4,467
153,34;4,468
153,35;4,470
153,36;4,471
153,37;4,473
153,38;4,474
153,39;4,476
153,40;4,478
153,41;4,479
153,42;4,481
153,43;4,482
153,44;4,484
153,45;4,485
153,46;4,487
153,47;4,488
153,48;4,490
153,49;4,491
153,50;4,493
153,51;4,494
153,52;4,496
153,53;4,497
153,54;4,499
153,55;4,500
153,56;4,502
153,57;4,503
153,58;4,505
153,59;4,506
153,60;4,508
153,61;4,509
153,62;4,511
153,63;4,512
153,64;4,514
153,65;4,515
153,66;4,517
153,67;4,519
153,68;4,520
153,69;4,522
153,70;4,523
153,71;4,525
153,72;4,526
153,73;4,528
153,74;4,529
153,75;4,531
153,76;4,532
153,77;4,534
153,78;4,535
153,79;4,537
153,80;4,538
153,81;4,540
153,82;4,541
153,83;4,543
153,84;4,544
153,85;4,546
153,86;4,547
153,87;4,549
153,88;4,550
153,89;4,552
153,90;4,554
153,91;4,555
153,92;4,557
153,93;4,558
153,94;4,560
153,95;4,561
153,96;4,563
153,97;4,564
153,98;4,566
153,99;4,567
154,00;4,569
154,01;4,570
154,02;4,572
154,03;4,573
154,04;4,575
154,05;4,576
154,06;4,578
154,07;4,579
154,08;4,581
154,09;4,582
154,10;4,584
154,11;4,585
154,12;4,587
154,13;4,588
154,14;4,590
154,15;4,591
154,16;4,593
154,17;4,594
154,18;4,596
154,19;4,597
154,20;4,599
154,21;4,600
154,22;4,602
154,23;4,603
154,24;4,605
154,25;4,606
154,26;4,608
154,27;4,609
154,28;4,611
154,29;4,612
154,30;4,614
154,31;4,615
154,32;4,617
154,33;4,618
154,34;4,620
154,35;4,621
154,36;4,623
154,37;4,624
154,38;4,626
154,39;4,627
154,40;4,629
154,41;4,630
154,42;4,631
154,43;4,633
154,44;4,634
154,45;4,636
154,46;4,637
154,47;4,639
154,48;4,640
154,49;4,642
154,50;4,643
154,51;4,645
154,52;4,646
154,53;4,648
154,54;4,649
154,55;4,651
154,56;4,652
154,57;4,654
154,58;4,655
154,59;4,657
154,60;4,658
154,61;4,660
154,62;4,661
154,63;4,663
154,64;4,664
154,65;4,666
154,66;4,667
154,67;4,669
154,68;4,670
154,69;4,672
154,70;4,673
154,71;4,675
154,72;4,677
154,73;4,678
154,74;4,680
154,75;4,681
154,76;4,683
154,77;4,684
154,78;4,686
154,79;4,688
154,80;4,689
154,81;4,691
154,82;4,692
154,83;4,694
154,84;4,695
154,85;4,697
154,86;4,698
154,87;4,700
154,88;4,702
154,89;4,703
154,90;4,705
154,91;4,706
154,92;4,708
154,93;4,709
154,94;4,711
154,95;4,713
154,96;4,714
154,97;4,716
154,98;4,718
154,99;4,719
155,00;4,721
155,01;4,723
155,02;4,724
155,03;4,726
155,04;4,727
155,05;4,729
155,06;4,731
155,07;4,732
155,08;4,734
155,09;4,735
155,10;4,737
155,11;4,739
155,12;4,740
155,13;4,742
155,14;4,743
155,15;4,745
155,16;4,746
155,17;4,748
155,18;4,750
155,19;4,751
155,20;4,753
155,21;4,754
155,22;4,756
155,23;4,758
155,24;4,759
155,25;4,761
155,26;4,762
155,27;4,764
155,28;4,765
155,29;4,767
155,30;4,769
155,31;4,770
155,32;4,772
155,33;4,773
155,34;4,775
155,35;4,777
155,36;4,778
155,37;4,780
155,38;4,781
155,39;4,783
155,40;4,785
155,41;4,786
155,42;4,788
155,43;4,789
155,44;4,791
155,45;4,793
155,46;4,794
155,47;4,796
155,48;4,798
155,49;4,799
155,50;4,801
155,51;4,803
155,52;4,804
155,53;4,806
155,54;4,808
155,55;4,809
155,56;4,811
155,57;4,813
155,58;4,814
155,59;4,816
155,60;4,818
155,61;4,819
155,62;4,821
155,63;4,823
155,64;4,824
155,65;4,826
155,66;4,828
155,67;4,829
155,68;4,831
155,69;4,833
155,70;4,834
155,71;4,836
155,72;4,838
155,73;4,840
155,74;4,841
155,75;4,843
155,76;4,845
155,77;4,847
155,78;4,848
155,79;4,850
155,80;4,852
155,81;4,854
155,82;4,856
155,83;4,858
155,84;4,860
155,85;4,862
155,86;4,864
155,87;4,866
155,88;4,868
155,89;4,870
155,90;4,872
155,91;4,874
155,92;4,876
155,93;4,877
155,94;4,879
155,95;4,881
155,96;4,883
155,97;4,885
155,98;4,887
155,99;4,889
156,00;4,891
156,01;4,893
156,02;4,895
156,03;4,898
156,04;4,899
156,05;4,901
156,06;4,903
156,07;4,905
156,08;4,907
156,09;4,909
156,10;4,911
156,11;4,913
156,12;4,915
156,13;4,916
156,14;4,918
156,15;4,920
156,16;4,922
156,17;4,924
156,18;4,926
156,19;4,928
156,20;4,929
156,21;4,931
156,22;4,933
156,23;4,935
156,24;4,937
156,25;4,939
156,26;4,941
156,27;4,943
156,28;4,945
156,29;4,948
156,30;4,950
156,31;4,952
156,32;4,954
156,33;4,956
156,34;4,958
156,35;4,960
156,36;4,962
156,37;4,964
156,38;4,966
156,39;4,968
156,40;4,970
156,41;4,972
156,42;4,974
156,43;4,976
156,44;4,978
156,45;4,980
156,46;4,982
156,47;4,984
156,48;4,987
156,49;4,989
156,50;4,991
156,51;4,994
156,52;4,996
156,53;4,998
156,54;5,000
156,55;5,002
156,56;5,004
156,57;5,006
156,58;5,008
156,59;5,010
156,60;5,012
156,61;5,015
156,62;5,017
156,63;5,019
156,64;5,021
156,65;5,023
156,66;5,025
156,67;5,027
156,68;5,029
156,69;5,031
156,70;5,033
156,71;5,035
156,72;5,037
156,73;5,039
156,74;5,041
156,75;5,043
156,76;5,045
156,77;5,047
156,78;5,049
156,79;5,051
156,80;5,053
156,81;5,055
156,82;5,057
156,83;5,059
156,84;5,061
156,85;5,063
156,86;5,065
156,87;5,067
156,88;5,069
156,89;5,071
156,90;5,073
156,91;5,075
156,92;5,077
156,93;5,079
156,94;5,081
156,95;5,083
156,96;5,085
156,97;5,087
156,98;5,089
156,99;5,091
157,00;5,093
157,01;5,095
157,02;5,097
157,03;5,099
157,04;5,101
157,05;5,104
157,06;5,106
157,07;5,108
157,08;5,110
157,09;5,112
157,10;5,114
157,11;5,117
157,12;5,119
157,13;5,121
157,14;5,123
157,15;5,125
157,16;5,128
157,17;5,130
157,18;5,132
157,19;5,134
157,20;5,137
157,21;5,139
157,22;5,141
157,23;5,143
157,24;5,145
157,25;5,147
157,26;5,149
157,27;5,151
157,28;5,154
157,29;5,156
157,30;5,158
157,31;5,160
157,32;5,163
157,33;5,166
157,34;5,169
157,35;5,172
157,36;5,174
157,37;5,177
157,38;5,180
157,39;5,182
157,40;5,185
157,41;5,187
157,42;5,190
157,43;5,192
157,44;5,195
157,45;5,198
157,46;5,200
157,47;5,203
157,48;5,205
157,49;5,208
157,50;5,210
157,51;5,213
157,52;5,216
157,53;5,218
157,54;5,221
157,55;5,224
157,56;5,226
157,57;5,229
157,58;5,231
157,59;5,234
157,60;5,237
157,61;5,239
157,62;5,242
157,63;5,245
157,64;5,247
157,65;5,250
157,66;5,252
157,67;5,255
157,68;5,257
157,69;5,260
157,70;5,263
157,71;5,265
157,72;5,268
157,73;5,270
157,74;5,273
157,75;5,275
157,76;5,278
157,77;5,280
157,78;5,283
157,79;5,285
157,80;5,288
157,81;5,290
157,82;5,293
157,83;5,295
157,84;5,298
157,85;5,301
157,86;5,303
157,87;5,306
157,88;5,308
157,89;5,311
157,90;5,313
157,91;5,316
157,92;5,318
157,93;5,321
157,94;5,324
157,95;5,326
157,96;5,329
157,97;5,331
157,98;5,334
157,99;5,336
158,00;5,339
158,01;5,341
158,02;5,344
158,03;5,346
158,04;5,349
158,05;5,351
158,06;5,354
158,07;5,356
158,08;5,359
158,09;5,361
158,10;5,364
158,11;5,366
158,12;5,369
158,13;5,372
158,14;5,374
158,15;5,377
158,16;5,379
158,17;5,382
158,18;5,384
158,19;5,387
158,20;5,389
158,21;5,392
158,22;5,394
158,23;5,397
158,24;5,400
158,25;5,402
158,26;5,405
158,27;5,408
158,28;5,410
158,29;5,413
158,30;5,416
158,31;5,419
158,32;5,422
158,33;5,425
158,34;5,429
158,35;5,432
158,36;5,435
158,37;5,438
158,38;5,441
158,39;5,444
158,40;5,447
158,41;5,450
158,42;5,453
158,43;5,456
158,44;5,459
158,45;5,462
158,46;5,465
158,47;5,467
158,48;5,470
158,49;5,473
158,50;5,476
158,51;5,479
158,52;5,482
158,53;5,485
158,54;5,488
158,55;5,491
158,56;5,494
158,57;5,497
158,58;5,501
158,59;5,504
158,60;5,508
158,61;5,511
158,62;5,514
158,63;5,518
158,64;5,521
158,65;5,524
158,66;5,528
158,67;5,531
158,68;5,534
158,69;5,538
158,70;5,541
158,71;5,544
158,72;5,547
158,73;5,551
158,74;5,554
158,75;5,557
158,76;5,561
158,77;5,564
158,78;5,567
158,79;5,571
158,80;5,574
158,81;5,577
158,82;5,581
158,83;5,584
158,84;5,587
158,85;5,590
158,86;5,593
158,87;5,596
158,88;5,600
158,89;5,603
158,90;5,606
158,91;5,609
158,92;5,612
158,93;5,615
158,94;5,618
158,95;5,621
158,96;5,624
158,97;5,627
158,98;5,630
158,99;5,633
159,00;5,636
159,01;5,639
159,02;5,642
159,03;5,645
159,04;5,648
159,05;5,651
159,06;5,654
159,07;5,657
159,08;5,660
159,09;5,663
159,10;5,666
159,11;5,669
159,12;5,673
159,13;5,676
159,14;5,679
159,15;5,682
159,16;5,685
159,17;5,688
159,18;5,692
159,19;5,695
159,20;5,698
159,21;5,702
159,22;5,705
159,23;5,708
159,24;5,712
159,25;5,715
159,26;5,719
159,27;5,722
159,28;5,726
159,29;5,729
159,30;5,733
159,31;5,736
159,32;5,740
159,33;5,744
159,34;5,747
159,35;5,751
159,36;5,754
159,37;5,758
159,38;5,761
159,39;5,765
159,40;5,769
159,41;5,772
159,42;5,776
159,43;5,780
159,44;5,784
159,45;5,788
159,46;5,791
159,47;5,795
159,48;5,799
159,49;5,802
159,50;5,806
159,51;5,810
159,52;5,813
159,53;5,817
159,54;5,820
159,55;5,824
159,56;5,827
159,57;5,831
159,58;5,835
159,59;5,838
159,60;5,842
159,61;5,846
159,62;5,849
159,63;5,853
159,64;5,857
159,65;5,861
159,66;5,865
159,67;5,869
159,68;5,873
159,69;5,877
159,70;5,881
159,71;5,885
159,72;5,889
159,73;5,892
159,74;5,896
159,75;5,900
159,76;5,904
159,77;5,908
159,78;5,912
159,79;5,916
159,80;5,920
159,81;5,924
159,82;5,928
159,83;5,932
159,84;5,936
159,85;5,940
159,86;5,944
159,87;5,947
159,88;5,951
159,89;5,955
159,90;5,959
159,91;5,963
159,92;5,967
159,93;5,971
159,94;5,976
159,95;5,981
159,96;5,986
159,97;5,991
159,98;5,995
159,99;5,999
160,00;6,004
160,01;6,008
160,02;6,013
160,03;6,017
160,04;6,022
160,05;6,027
160,06;6,031
160,07;6,036
160,08;6,041
160,09;6,045
160,10;6,050
160,11;6,055
160,12;6,059
160,13;6,064
160,14;6,069
160,15;6,074
160,16;6,079
160,17;6,084
160,18;6,089
160,19;6,095
160,20;6,100
160,21;6,105
160,22;6,111
160,23;6,116
160,24;6,121
160,25;6,126
160,26;6,131
160,27;6,135
160,28;6,140
160,29;6,145
160,30;6,149
160,31;6,154
160,32;6,158
160,33;6,163
160,34;6,167
160,35;6,171
160,36;6,176
160,37;6,180
160,38;6,184
160,39;6,188
160,40;6,192
160,41;6,197
160,42;6,201
160,43;6,205
160,44;6,209
160,45;6,213
160,46;6,217
160,47;6,221
160,48;6,225
160,49;6,229
160,50;6,233
160,51;6,236
160,52;6,240
160,53;6,244
160,54;6,248
160,55;6,252
160,56;6,256
160,57;6,259
160,58;6,263
160,59;6,267
160,60;6,271
160,61;6,274
160,62;6,278
160,63;6,282
160,64;6,286
160,65;6,289
160,66;6,293
160,67;6,297
160,68;6,301
160,69;6,304
160,70;6,308
160,71;6,312
160,72;6,316
160,73;6,319
160,74;6,323
160,75;6,327
160,76;6,330
160,77;6,334
160,78;6,338
160,79;6,342
160,80;6,345
160,81;6,349
160,82;6,353
160,83;6,356
160,84;6,360
160,85;6,363
160,86;6,366
160,87;6,370
160,88;6,373
160,89;6,377
160,90;6,380
160,91;6,384
160,92;6,387
160,93;6,391
160,94;6,394
160,95;6,397
160,96;6,401
160,97;6,404
160,98;6,408
160,99;6,411
161,00;6,414
161,01;6,418
161,02;6,421
161,03;6,424
161,04;6,428
161,05;6,431
161,06;6,435
161,07;6,438
161,08;6,441
161,09;6,444
161,10;6,448
161,11;6,451
161,12;6,454
161,13;6,457
161,14;6,460
161,15;6,463
161,16;6,466
161,17;6,469
161,18;6,473
161,19;6,476
161,20;6,479
161,21;6,482
161,22;6,485
161,23;6,488
161,24;6,491
161,25;6,494
161,26;6,497
161,27;6,500
161,28;6,503
161,29;6,506
161,30;6,509
161,31;6,512
161,32;6,515
161,33;6,518
161,34;6,521
161,35;6,524
161,36;6,527
161,37;6,530
161,38;6,533
161,39;6,536
161,40;6,539
161,41;6,542
161,42;6,545
161,43;6,548
161,44;6,551
161,45;6,554
161,46;6,557
161,47;6,560
161,48;6,563
161,49;6,566
161,50;6,569
161,51;6,572
161,52;6,575
161,53;6,578
161,54;6,581
161,55;6,584
161,56;6,587
161,57;6,590
161,58;6,593
161,59;6,596
161,60;6,599
161,61;6,602
161,62;6,605
161,63;6,608
161,64;6,612
161,65;6,615
161,66;6,618
161,67;6,621
161,68;6,625
161,69;6,628
161,70;6,631
161,71;6,635
161,72;6,638
161,73;6,641
161,74;6,644
161,75;6,648
161,76;6,651
161,77;6,654
161,78;6,657
161,79;6,660
161,80;6,664
161,81;6,667
161,82;6,670
161,83;6,673
161,84;6,676
161,85;6,679
161,86;6,682
161,87;6,685
161,88;6,688
161,89;6,691
161,90;6,694
161,91;6,697
161,92;6,700
161,93;6,703
161,94;6,706
161,95;6,710
161,96;6,713
161,97;6,716
161,98;6,719
161,99;6,722
162,00;6,725
162,01;6,728
162,02;6,731
162,03;6,734
162,04;6,737
162,05;6,740
162,06;6,743
162,07;6,746
162,08;6,749
162,09;6,753
162,10;6,756
162,11;6,759
162,12;6,762
162,13;6,765
162,14;6,768
162,15;6,771
162,16;6,774
162,17;6,778
162,18;6,781
162,19;6,784
162,20;6,787
162,21;6,790
162,22;6,793
162,23;6,797
162,24;6,800
162,25;6,803
162,26;6,807
162,27;6,810
162,28;6,814
162,29;6,817
162,30;6,821
162,31;6,824
162,32;6,827
162,33;6,831
162,34;6,834
162,35;6,838
162,36;6,841
162,37;6,844
162,38;6,848
162,39;6,851
162,40;6,854
162,41;6,858
162,42;6,861
162,43;6,865
162,44;6,868
162,45;6,872
162,46;6,875
162,47;6,879
162,48;6,882
162,49;6,886
162,50;6,889
162,51;6,893
162,52;6,896
162,53;6,900
162,54;6,903
162,55;6,907
162,56;6,910
162,57;6,914
162,58;6,917
162,59;6,921
162,60;6,924
162,61;6,928
162,62;6,931
162,63;6,935
162,64;6,938
162,65;6,942
162,66;6,945
162,67;6,949
162,68;6,953
162,69;6,956
162,70;6,960
162,71;6,963
162,72;6,967
162,73;6,970
162,74;6,973
162,75;6,977
162,76;6,980
162,77;6,984
162,78;6,987
162,79;6,991
162,80;6,994
162,81;6,998
162,82;7,001
162,83;7,005
162,84;7,008
162,85;7,012
162,86;7,015
162,87;7,018
162,88;7,022
162,89;7,025
162,90;7,028
162,91;7,032
162,92;7,035
162,93;7,039
162,94;7,042
162,95;7,046
162,96;7,049
162,97;7,053
162,98;7,056
162,99;7,059
163,00;7,063
163,01;7,066
163,02;7,070
163,03;7,073
163,04;7,077
163,05;7,080
163,06;7,084
163,07;7,087
163,08;7,090
163,09;7,094
163,10;7,097
163,11;7,101
163,12;7,104
163,13;7,108
163,14;7,111
163,15;7,114
163,16;7,118
163,17;7,121
163,18;7,125
163,19;7,128
163,20;7,132
163,21;7,135
163,22;7,139
163,23;7,142
163,24;7,145
163,25;7,149
163,26;7,152
163,27;7,156
163,28;7,159
163,29;7,162
163,30;7,166
163,31;7,169
163,32;7,172
163,33;7,176
163,34;7,179
163,35;7,183
163,36;7,186
163,37;7,189
163,38;7,193
163,39;7,196
163,40;7,200
163,41;7,203
163,42;7,206
163,43;7,210
163,44;7,213
163,45;7,217
163,46;7,221
163,47;7,224
163,48;7,228
163,49;7,232
163,50;7,235
163,51;7,239
163,52;7,242
163,53;7,246
163,54;7,250
163,55;7,253
163,56;7,257
163,57;7,261
163,58;7,264
163,59;7,268
163,60;7,272
163,61;7,276
163,62;7,279
163,63;7,283
163,64;7,287
163,65;7,291
163,66;7,295
163,67;7,299
163,68;7,303
163,69;7,307
163,70;7,311
163,71;7,315
163,72;7,319
163,73;7,323
163,74;7,327
163,75;7,331
163,76;7,335
163,77;7,339
163,78;7,343
163,79;7,348
163,80;7,352
163,81;7,356
163,82;7,361
163,83;7,365
163,84;7,370
163,85;7,375
163,86;7,380
163,87;7,385
163,88;7,389
163,89;7,394
163,90;7,399
163,91;7,404
163,92;7,408
163,93;7,413
163,94;7,417
163,95;7,422
163,96;7,427
163,97;7,431
163,98;7,436
163,99;7,440
164,00;7,445
164,01;7,450
164,02;7,455
164,03;7,459
164,04;7,464
164,05;7,469
164,06;7,474
164,07;7,479
164,08;7,484
164,09;7,489
164,10;7,494
164,11;7,499
164,12;7,504
164,13;7,509
164,14;7,514
164,15;7,519
164,16;7,524
164,17;7,528
164,18;7,533
164,19;7,538
164,20;7,543
164,21;7,548
164,22;7,552
164,23;7,557
164,24;7,562
164,25;7,567
164,26;7,572
164,27;7,576
164,28;7,581
164,29;7,586
164,30;7,591
164,31;7,595
164,32;7,600
164,33;7,605
164,34;7,610
164,35;7,615
164,36;7,621
164,37;7,626
164,38;7,631
164,39;7,637
164,40;7,642
164,41;7,648
164,42;7,653
164,43;7,659
164,44;7,664
164,45;7,670
164,46;7,675
164,47;7,680
164,48;7,686
164,49;7,691
164,50;7,697
164,51;7,702
164,52;7,708
164,53;7,714
164,54;7,719
164,55;7,725
164,56;7,732
164,57;7,738
164,58;7,745
164,59;7,751
164,60;7,758
164,61;7,766
164,62;7,773
164,63;7,781
164,64;7,788
164,65;7,794
164,66;7,801
164,67;7,807
164,68;7,814
164,69;7,820
164,70;7,826
164,71;7,832
164,72;7,839
164,73;7,845
164,74;7,851
164,75;7,857
164,76;7,863
164,77;7,869
164,78;7,876
164,79;7,882
164,80;7,889
164,81;7,895
164,82;7,902
164,83;7,909
164,84;7,916
164,85;7,923
164,86;7,930
164,87;7,938
164,88;7,946
164,89;7,953
164,90;7,959
164,91;7,966
164,92;7,972
164,93;7,979
164,94;7,985
164,95;7,992
164,96;7,998
164,97;8,004
164,98;8,010
164,99;8,017
165,00;8,023
165,01;8,029
165,02;8,036
165,03;8,042
165,04;8,048
165,05;8,054
165,06;8,059
165,07;8,065
165,08;8,071
165,09;8,076
165,10;8,082
165,11;8,087
165,12;8,093
165,13;8,098
165,14;8,103
165,15;8,109
165,16;8,114
165,17;8,120
165,18;8,125
165,19;8,131
165,20;8,136
165,21;8,142
165,22;8,148
165,23;8,153
165,24;8,159
165,25;8,164
165,26;8,170
165,27;8,175
165,28;8,181
165,29;8,187
165,30;8,192
165,31;8,198
165,32;8,203
165,33;8,209
165,34;8,215
165,35;8,220
165,36;8,226
165,37;8,231
165,38;8,237
165,39;8,243
165,40;8,248
165,41;8,254
165,42;8,260
165,43;8,265
165,44;8,271
165,45;8,276
165,46;8,282
165,47;8,288
165,48;8,293
165,49;8,299
165,50;8,305
165,51;8,310
165,52;8,316
165,53;8,321
165,54;8,327
165,55;8,333
165,56;8,338
165,57;8,344
165,58;8,350
165,59;8,356
165,60;8,362
165,61;8,368
165,62;8,374
165,63;8,381
165,64;8,387
165,65;8,393
165,66;8,400
165,67;8,407
165,68;8,413
165,69;8,419
165,70;8,425
165,71;8,431
165,72;8,437
165,73;8,442
165,74;8,448
165,75;8,453
165,76;8,459
165,77;8,464
165,78;8,470
165,79;8,475
165,80;8,481
165,81;8,486
165,82;8,492
165,83;8,497
165,84;8,503
165,85;8,509
165,86;8,514
165,87;8,520
165,88;8,526
165,89;8,532
165,90;8,537
165,91;8,543
165,92;8,549
165,93;8,555
165,94;8,561
165,95;8,567
165,96;8,573
165,97;8,579
165,98;8,585
165,99;8,591
166,00;8,597
166,01;8,603
166,02;8,608
166,03;8,614
166,04;8,619
166,05;8,625
166,06;8,630
166,07;8,636
166,08;8,641
166,09;8,646
166,10;8,652
166,11;8,658
166,12;8,664
166,13;8,669
166,14;8,674
166,15;8,679
166,16;8,684
166,17;8,689
166,18;8,694
166,19;8,699
166,20;8,704
166,21;8,709
166,22;8,715
166,23;8,720
166,24;8,725
166,25;8,731
166,26;8,736
166,27;8,742
166,28;8,747
166,29;8,753
166,30;8,758
166,31;8,764
166,32;8,769
166,33;8,775
166,34;8,780
166,35;8,786
166,36;8,792
166,37;8,797
166,38;8,803
166,39;8,809
166,40;8,815
166,41;8,821
166,42;8,827
166,43;8,833
166,44;8,839
166,45;8,845
166,46;8,851
166,47;8,857
166,48;8,863
166,49;8,869
166,50;8,875
166,51;8,881
166,52;8,887
166,53;8,893
166,54;8,900
166,55;8,906
166,56;8,913
166,57;8,919
166,58;8,925
166,59;8,932
166,60;8,938
166,61;8,944
166,62;8,951
166,63;8,957
166,64;8,964
166,65;8,970
166,66;8,977
166,67;8,983
166,68;8,990
166,69;8,996
166,70;9,003
166,71;9,010
166,72;9,016
166,73;9,023
166,74;9,030
166,75;9,037
166,76;9,044
166,77;9,051
166,78;9,058
166,79;9,065
166,80;9,072
166,81;9,079
166,82;9,086
166,83;9,094
166,84;9,101
166,85;9,108
166,86;9,115
166,87;9,123
166,88;9,130
166,89;9,137
166,90;9,144
166,91;9,150
166,92;9,157
166,93;9,164
166,94;9,171
166,95;9,179
166,96;9,186
166,97;9,193
166,98;9,200
166,99;9,207
167,00;9,214
167,01;9,221
167,02;9,228
167,03;9,236
167,04;9,243
167,05;9,250
167,06;9,257
167,07;9,264
167,08;9,271
167,09;9,278
167,10;9,285
167,11;9,292
167,12;9,299
167,13;9,306
167,14;9,313
167,15;9,320
167,16;9,327
167,17;9,334
167,18;9,342
167,19;9,349
167,20;9,356
167,21;9,363
167,22;9,370
167,23;9,377
167,24;9,385
167,25;9,392
167,26;9,399
167,27;9,406
167,28;9,414
167,29;9,421
167,30;9,428
167,31;9,435
167,32;9,443
167,33;9,450
167,34;9,458
167,35;9,465
167,36;9,473
167,37;9,480
167,38;9,488
167,39;9,495
167,40;9,503
167,41;9,510
167,42;9,518
167,43;9,526
167,44;9,533
167,45;9,541
167,46;9,548
167,47;9,556
167,48;9,564
167,49;9,572
167,50;9,580
167,51;9,587
167,52;9,593
167,53;9,600
167,54;9,606
167,55;9,613
167,56;9,619
167,57;9,626
167,58;9,632
167,59;9,639
167,60;9,645
167,61;9,652
167,62;9,659
167,63;9,665
167,64;9,672
167,65;9,678
167,66;9,685
167,67;9,691
167,68;9,697
167,69;9,703
167,70;9,710
167,71;9,716
167,72;9,722
167,73;9,728
167,74;9,735
167,75;9,741
167,76;9,747
167,77;9,753
167,78;9,760
167,79;9,767
167,80;9,774
167,81;9,781
167,82;9,787
167,83;9,794
167,84;9,801
167,85;9,807
167,86;9,814
167,87;9,821
167,88;9,828
167,89;9,835
167,90;9,842
167,91;9,848
167,92;9,855
167,93;9,862
167,94;9,869
167,95;9,876
167,96;9,882
167,97;9,889
167,98;9,896
167,99;9,903
168,00;9,909
168,01;9,916
168,02;9,923
168,03;9,929
168,04;9,936
168,05;9,942
168,06;9,949
168,07;9,956
168,08;9,962
168,09;9,969
168,10;9,976
168,11;9,982
168,12;9,989
168,13;9,996
168,14;10,003
168,15;10,010
168,16;10,017
168,17;10,023
168,18;10,030
168,19;10,038
168,20;10,045
168,21;10,053
168,22;10,060
168,23;10,068
168,24;10,075
168,25;10,082
168,26;10,090
168,27;10,097
168,28;10,104
168,29;10,112
168,30;10,119
168,31;10,126
168,32;10,133
168,33;10,140
168,34;10,147
168,35;10,154
168,36;10,161
168,37;10,168
168,38;10,175
168,39;10,182
168,40;10,189
168,41;10,197
168,42;10,205
168,43;10,213
168,44;10,220
168,45;10,227
168,46;10,235
168,47;10,242
168,48;10,249
168,49;10,256
168,50;10,263
168,51;10,270
168,52;10,277
168,53;10,283
168,54;10,290
168,55;10,297
168,56;10,303
168,57;10,310
168,58;10,317
168,59;10,323
168,60;10,330
168,61;10,337
168,62;10,343
168,63;10,351
168,64;10,357
168,65;10,364
168,66;10,372
168,67;10,379
168,68;10,386
168,69;10,393
168,70;10,400
168,71;10,406
168,72;10,413
168,73;10,420
168,74;10,426
168,75;10,433
168,76;10,440
168,77;10,447
168,78;10,454
168,79;10,461
168,80;10,467
168,81;10,474
168,82;10,480
168,83;10,487
168,84;10,493
168,85;10,500
168,86;10,507
168,87;10,514
168,88;10,520
168,89;10,527
168,90;10,534
168,91;10,541
168,92;10,548
168,93;10,555
168,94;10,562
168,95;10,569
168,96;10,576
168,97;10,583
168,98;10,590
168,99;10,597
169,00;10,603
169,01;10,610
169,02;10,616
169,03;10,623
169,04;10,630
169,05;10,637
169,06;10,643
169,07;10,650
169,08;10,656
169,09;10,662
169,10;10,669
169,11;10,675
169,12;10,682
169,13;10,689
169,14;10,695
169,15;10,702
169,16;10,708
169,17;10,715
169,18;10,721
169,19;10,728
169,20;10,734
169,21;10,741
169,22;10,747
169,23;10,754
169,24;10,760
169,25;10,766
169,26;10,772
169,27;10,778
169,28;10,784
169,29;10,791
169,30;10,797
169,31;10,803
169,32;10,809
169,33;10,815
169,34;10,821
169,35;10,827
169,36;10,833
169,37;10,839
169,38;10,845
169,39;10,852
169,40;10,858
169,41;10,864
169,42;10,870
169,43;10,877
169,44;10,883
169,45;10,889
169,46;10,895
169,47;10,901
169,48;10,907
169,49;10,913
169,50;10,920
169,51;10,926
169,52;10,933
169,53;10,939
169,54;10,946
169,55;10,953
169,56;10,959
169,57;10,966
169,58;10,972
169,59;10,979
169,60;10,986
169,61;10,992
169,62;11,000
169,63;11,007
169,64;11,013
169,65;11,020
169,66;11,027
169,67;11,033
169,68;11,040
169,69;11,046
169,70;11,052
169,71;11,058
169,72;11,064
169,73;11,070
169,74;11,076
169,75;11,081
169,76;11,087
169,77;11,093
169,78;11,099
169,79;11,105
169,80;11,111
169,81;11,116
169,82;11,122
169,83;11,128
169,84;11,134
169,85;11,140
169,86;11,146
169,87;11,152
169,88;11,158
169,89;11,164
169,90;11,170
169,91;11,177
169,92;11,183
169,93;11,189
169,94;11,196
169,95;11,203
169,96;11,210
169,97;11,216
169,98;11,222
169,99;11,229
170,00;11,235
170,01;11,242
170,02;11,248
170,03;11,254
170,04;11,261
170,05;11,267
170,06;11,274
170,07;11,281
170,08;11,288
170,09;11,294
170,10;11,301
170,11;11,309
170,12;11,316
170,13;11,324
170,14;11,331
170,15;11,338
170,16;11,346
170,17;11,353
170,18;11,361
170,19;11,368
170,20;11,375
170,21;11,382
170,22;11,390
170,23;11,397
170,24;11,404
170,25;11,411
170,26;11,418
170,27;11,425
170,28;11,432
170,29;11,439
170,30;11,445
170,31;11,452
170,32;11,458
170,33;11,465
170,34;11,471
170,35;11,478
170,36;11,484
170,37;11,491
170,38;11,498
170,39;11,504
170,40;11,512
170,41;11,519
170,42;11,527
170,43;11,535
170,44;11,543
170,45;11,551
170,46;11,558
170,47;11,566
170,48;11,573
170,49;11,581
170,50;11,588
170,51;11,596
170,52;11,603
170,53;11,610
170,54;11,617
170,55;11,625
170,56;11,632
170,57;11,639
170,58;11,646
170,59;11,653
170,60;11,660
170,61;11,667
170,62;11,673
170,63;11,680
170,64;11,687
170,65;11,694
170,66;11,701
170,67;11,708
170,68;11,715
170,69;11,722
170,70;11,729
170,71;11,735
170,72;11,742
170,73;11,749
170,74;11,756
170,75;11,763
170,76;11,770
170,77;11,777
170,78;11,783
170,79;11,790
170,80;11,797
170,81;11,804
170,82;11,810
170,83;11,817
170,84;11,823
170,85;11,830
170,86;11,836
170,87;11,843
170,88;11,849
170,89;11,855
170,90;11,862
170,91;11,868
170,92;11,875
170,93;11,882
170,94;11,888
170,95;11,895
170,96;11,901
170,97;11,908
170,98;11,914
170,99;11,920
171,00;11,927
171,01;11,933
171,02;11,939
171,03;11,945
171,04;11,952
171,05;11,958
171,06;11,965
171,07;11,971
171,08;11,978
171,09;11,984
171,10;11,991
171,11;11,997
171,12;12,003
171,13;12,010
171,14;12,016
171,15;12,023
171,16;12,029
171,17;12,036
171,18;12,042
171,19;12,049
171,20;12,055
171,21;12,062
171,22;12,068
171,23;12,075
171,24;12,081
171,25;12,087
171,26;12,094
171,27;12,100
171,28;12,107
171,29;12,113
171,30;12,120
171,31;12,126
171,32;12,133
171,33;12,139
171,34;12,145
171,35;12,151
171,36;12,158
171,37;12,164
171,38;12,170
171,39;12,176
171,40;12,183
171,41;12,189
171,42;12,195
171,43;12,202
171,44;12,208
171,45;12,215
171,46;12,221
171,47;12,227
171,48;12,234
171,49;12,240
171,50;12,247
171,51;12,254
171,52;12,261
171,53;12,268
171,54;12,274
171,55;12,280
171,56;12,287
171,57;12,294
171,58;12,300
171,59;12,307
171,60;12,313
171,61;12,320
171,62;12,327
171,63;12,333
171,64;12,340
171,65;12,346
171,66;12,353
171,67;12,359
171,68;12,366
171,69;12,373
171,70;12,380
171,71;12,386
171,72;12,393
171,73;12,399
171,74;12,406
171,75;12,412
171,76;12,418
171,77;12,424
171,78;12,431
171,79;12,437
171,80;12,444
171,81;12,450
171,82;12,457
171,83;12,463
171,84;12,469
171,85;12,475
171,86;12,481
171,87;12,487
171,88;12,493
171,89;12,499
171,90;12,505
171,91;12,511
171,92;12,517
171,93;12,523
171,94;12,530
171,95;12,536
171,96;12,542
171,97;12,548
171,98;12,554
171,99;12,560
172,00;12,566
172,01;12,572
172,02;12,577
172,03;12,583
172,04;12,589
172,05;12,594
172,06;12,600
172,07;12,605
172,08;12,611
172,09;12,616
172,10;12,622
172,11;12,628
172,12;12,633
172,13;12,638
172,14;12,644
172,15;12,649
172,16;12,655
172,17;12,660
172,18;12,665
172,19;12,671
172,20;12,676
172,21;12,681
172,22;12,686
172,23;12,692
172,24;12,697
172,25;12,702
172,26;12,708
172,27;12,713
172,28;12,718
172,29;12,724
172,30;12,729
172,31;12,735
172,32;12,740
172,33;12,745
172,34;12,751
172,35;12,756
172,36;12,761
172,37;12,767
172,38;12,772
172,39;12,778
172,40;12,783
172,41;12,788
172,42;12,794
172,43;12,799
172,44;12,805
172,45;12,810
172,46;12,816
172,47;12,821
172,48;12,826
172,49;12,832
172,50;12,837
172,51;12,842
172,52;12,848
172,53;12,853
172,54;12,858
172,55;12,864
172,56;12,869
172,57;12,874
172,58;12,880
172,59;12,885
172,60;12,891
172,61;12,896
172,62;12,902
172,63;12,907
172,64;12,912
172,65;12,918
172,66;12,923
172,67;12,928
172,68;12,934
172,69;12,939
172,70;12,945
172,71;12,951
172,72;12,957
172,73;12,963
172,74;12,969
172,75;12,974
172,76;12,980
172,77;12,986
172,78;12,991
172,79;12,997
172,80;13,002
172,81;13,007
172,82;13,013
172,83;13,018
172,84;13,024
172,85;13,029
172,86;13,034
172,87;13,040
172,88;13,045
172,89;13,050
172,90;13,056
172,91;13,061
172,92;13,066
172,93;13,072
172,94;13,077
172,95;13,082
172,96;13,087
172,97;13,093
172,98;13,098
172,99;13,103
173,00;13,109
173,01;13,114
173,02;13,119
173,03;13,125
173,04;13,130
173,05;13,136
173,06;13,141
173,07;13,147
173,08;13,152
173,09;13,158
173,10;13,164
173,11;13,169
173,12;13,175
173,13;13,180
173,14;13,186
173,15;13,192
173,16;13,197
173,17;13,203
173,18;13,208
173,19;13,214
173,20;13,219
173,21;13,225
173,22;13,230
173,23;13,236
173,24;13,241
173,25;13,247
173,26;13,252
173,27;13,258
173,28;13,263
173,29;13,269
173,30;13,274
173,31;13,280
173,32;13,285
173,33;13,291
173,34;13,297
173,35;13,302
173,36;13,307
173,37;13,313
173,38;13,318
173,39;13,324
173,40;13,329
173,41;13,334
173,42;13,340
173,43;13,346
173,44;13,352
173,45;13,358
173,46;13,363
173,47;13,369
173,48;13,375
173,49;13,380
173,50;13,386
173,51;13,392
173,52;13,397
173,53;13,403
173,54;13,409
173,55;13,414
173,56;13,420
173,57;13,425
173,58;13,431
173,59;13,437
173,60;13,442
173,61;13,448
173,62;13,453
173,63;13,459
173,64;13,464
173,65;13,470
173,66;13,476
173,67;13,481
173,68;13,487
173,69;13,492
173,70;13,498
173,71;13,503
173,72;13,509
173,73;13,515
173,74;13,520
173,75;13,526
173,76;13,531
173,77;13,537
173,78;13,543
173,79;13,548
173,80;13,554
173,81;13,559
173,82;13,565
173,83;13,570
173,84;13,576
173,85;13,581
173,86;13,587
173,87;13,592
173,88;13,597
173,89;13,603
173,90;13,608
173,91;13,613
173,92;13,619
173,93;13,624
173,94;13,629
173,95;13,634
173,96;13,639
173,97;13,645
173,98;13,650
173,99;13,655
174,00;13,660
174,01;13,665
174,02;13,671
174,03;13,676
174,04;13,681
174,05;13,686
174,06;13,691
174,07;13,697
174,08;13,702
174,09;13,707
174,10;13,713
174,11;13,718
174,12;13,724
174,13;13,729
174,14;13,735
174,15;13,740
174,16;13,746
174,17;13,752
174,18;13,757
174,19;13,763
174,20;13,769
174,21;13,774
174,22;13,780
174,23;13,786
174,24;13,791
174,25;13,797
174,26;13,802
174,27;13,808
174,28;13,814
174,29;13,820
174,30;13,825
174,31;13,831
174,32;13,837
174,33;13,843
174,34;13,848
174,35;13,854
174,36;13,860
174,37;13,866
174,38;13,872
174,39;13,877
174,40;13,883
174,41;13,889
174,42;13,895
174,43;13,901
174,44;13,907
174,45;13,913
174,46;13,919
174,47;13,925
174,48;13,931
174,49;13,937
174,50;13,942
174,51;13,948
174,52;13,954
174,53;13,960
174,54;13,966
174,55;13,971
174,56;13,977
174,57;13,983
174,58;13,989
174,59;13,995
174,60;14,001
174,61;14,007
174,62;14,013
174,63;14,019
174,64;14,025
174,65;14,031
174,66;14,037
174,67;14,044
174,68;14,050
174,69;14,057
174,70;14,063
174,71;14,070
174,72;14,076
174,73;14,083
174,74;14,089
174,75;14,096
174,76;14,103
174,77;14,110
174,78;14,117
174,79;14,123
174,80;14,130
174,81;14,137
174,82;14,143
174,83;14,150
174,84;14,157
174,85;14,163
174,86;14,170
174,87;14,176
174,88;14,183
174,89;14,190
174,90;14,196
174,91;14,203
174,92;14,209
174,93;14,216
174,94;14,223
174,95;14,230
174,96;14,237
174,97;14,244
174,98;14,252
174,99;14,259
175,00;14,267
175,01;14,274
175,02;14,283
175,03;14,292
175,04;14,299
175,05;14,306
175,06;14,313
175,07;14,320
175,08;14,327
175,09;14,334
175,10;14,341
175,11;14,348
175,12;14,355
175,13;14,362
175,14;14,369
175,15;14,376
175,16;14,383
175,17;14,390
175,18;14,397
175,19;14,404
175,20;14,411
175,21;14,418
175,22;14,425
175,23;14,432
175,24;14,439
175,25;14,446
175,26;14,453
175,27;14,460
175,28;14,467
175,29;14,474
175,30;14,481
175,31;14,489
175,32;14,496
175,33;14,503
175,34;14,509
175,35;14,516
175,36;14,524
175,37;14,531
175,38;14,538
175,39;14,545
175,40;14,553
175,41;14,560
175,42;14,568
175,43;14,575
175,44;14,583
175,45;14,590
175,46;14,598
175,47;14,605
175,48;14,613
175,49;14,620
175,50;14,628
175,51;14,635
175,52;14,642
175,53;14,649
175,54;14,657
175,55;14,664
175,56;14,671
175,57;14,679
175,58;14,686
175,59;14,693
175,60;14,701
175,61;14,708
175,62;14,716
175,63;14,723
175,64;14,731
175,65;14,738
175,66;14,745
175,67;14,753
175,68;14,760
175,69;14,767
175,70;14,774
175,71;14,782
175,72;14,789
175,73;14,796
175,74;14,804
175,75;14,811
175,76;14,819
175,77;14,826
175,78;14,834
175,79;14,841
175,80;14,849
175,81;14,856
175,82;14,864
175,83;14,871
175,84;14,878
175,85;14,886
175,86;14,893
175,87;14,900
175,88;14,908
175,89;14,915
175,90;14,922
175,91;14,930
175,92;14,937
175,93;14,944
175,94;14,952
175,95;14,959
175,96;14,967
175,97;14,974
175,98;14,982
175,99;14,989
176,00;14,996
176,01;15,003
176,02;15,011
176,03;15,018
176,04;15,025
176,05;15,032
176,06;15,039
176,07;15,046
176,08;15,053
176,09;15,060
176,10;15,067
176,11;15,074
176,12;15,081
176,13;15,088
176,14;15,095
176,15;15,101
176,16;15,108
176,17;15,115
176,18;15,122
176,19;15,129
176,20;15,137
176,21;15,144
176,22;15,151
176,23;15,158
176,24;15,165
176,25;15,172
176,26;15,179
176,27;15,186
176,28;15,194
176,29;15,201
176,30;15,208
176,31;15,216
176,32;15,224
176,33;15,231
176,34;15,239
176,35;15,246
176,36;15,254
176,37;15,261
176,38;15,268
176,39;15,276
176,40;15,283
176,41;15,290
176,42;15,297
176,43;15,304
176,44;15,311
176,45;15,318
176,46;15,325
176,47;15,333
176,48;15,340
176,49;15,347
176,50;15,355
176,51;15,362
176,52;15,369
176,53;15,377
176,54;15,384
176,55;15,392
176,56;15,399
176,57;15,407
176,58;15,415
176,59;15,422
176,60;15,430
176,61;15,438
176,62;15,445
176,63;15,453
176,64;15,460
176,65;15,468
176,66;15,476
176,67;15,483
176,68;15,491
176,69;15,498
176,70;15,505
176,71;15,513
176,72;15,520
176,73;15,527
176,74;15,535
176,75;15,542
176,76;15,549
176,77;15,556
176,78;15,564
176,79;15,571
176,80;15,579
176,81;15,586
176,82;15,594
176,83;15,601
176,84;15,609
176,85;15,617
176,86;15,625
176,87;15,633
176,88;15,642
176,89;15,650
176,90;15,658
176,91;15,667
176,92;15,675
176,93;15,684
176,94;15,692
176,95;15,701
176,96;15,709
176,97;15,718
176,98;15,726
176,99;15,734
177,00;15,742
177,01;15,750
177,02;15,759
177,03;15,767
177,04;15,775
177,05;15,783
177,06;15,791
177,07;15,799
177,08;15,807
177,09;15,815
177,10;15,823
177,11;15,831
177,12;15,839
177,13;15,847
177,14;15,855
177,15;15,863
177,16;15,872
177,17;15,880
177,18;15,889
177,19;15,897
177,20;15,905
177,21;15,913
177,22;15,922
177,23;15,930
177,24;15,938
177,25;15,946
177,26;15,954
177,27;15,962
177,28;15,970
177,29;15,978
177,30;15,986
177,31;15,994
177,32;16,002
177,33;16,010
177,34;16,018
177,35;16,026
177,36;16,034
177,37;16,043
177,38;16,051
177,39;16,060
177,40;16,068
177,41;16,076
177,42;16,084
177,43;16,092
177,44;16,100
177,45;16,108
177,46;16,116
177,47;16,124
177,48;16,132
177,49;16,139
177,50;16,147
177,51;16,155
177,52;16,162
177,53;16,170
177,54;16,178
177,55;16,186
177,56;16,193
177,57;16,201
177,58;16,209
177,59;16,216
177,60;16,224
177,61;16,232
177,62;16,240
177,63;16,247
177,64;16,255
177,65;16,262
177,66;16,270
177,67;16,277
177,68;16,285
177,69;16,292
177,70;16,300
177,71;16,307
177,72;16,315
177,73;16,323
177,74;16,330
177,75;16,337
177,76;16,345
177,77;16,352
177,78;16,359
177,79;16,367
177,80;16,374
177,81;16,381
177,82;16,388
177,83;16,395
177,84;16,402
177,85;16,410
177,86;16,417
177,87;16,424
177,88;16,431
177,89;16,438
177,90;16,446
177,91;16,453
177,92;16,460
177,93;16,468
177,94;16,475
177,95;16,482
177,96;16,489
177,97;16,497
177,98;16,504
177,99;16,511
178,00;16,518
178,01;16,525
178,02;16,533
178,03;16,540
178,04;16,547
178,05;16,554
178,06;16,561
178,07;16,568
178,08;16,575
178,09;16,583
178,10;16,590
178,11;16,597
178,12;16,604
178,13;16,611
178,14;16,617
178,15;16,624
178,16;16,631
178,17;16,638
178,18;16,645
178,19;16,652
178,20;16,659
178,21;16,666
178,22;16,673
178,23;16,680
178,24;16,687
178,25;16,694
178,26;16,701
178,27;16,708
178,28;16,715
178,29;16,722
178,30;16,729
178,31;16,736
178,32;16,744
178,33;16,751
178,34;16,758
178,35;16,765
178,36;16,773
178,37;16,780
178,38;16,788
178,39;16,795
178,40;16,802
178,41;16,809
178,42;16,817
178,43;16,824
178,44;16,831
178,45;16,838
178,46;16,845
178,47;16,853
178,48;16,860
178,49;16,867
178,50;16,874
178,51;16,881
178,52;16,888
178,53;16,896
178,54;16,903
178,55;16,910
178,56;16,917
178,57;16,924
178,58;16,931
178,59;16,938
178,60;16,945
178,61;16,952
178,62;16,959
178,63;16,966
178,64;16,974
178,65;16,981
178,66;16,988
178,67;16,995
178,68;17,002
178,69;17,009
178,70;17,016
178,71;17,023
178,72;17,031
178,73;17,038
178,74;17,046
178,75;17,053
178,76;17,060
178,77;17,068
178,78;17,075
178,79;17,082
178,80;17,089
178,81;17,096
178,82;17,103
178,83;17,110
178,84;17,117
178,85;17,124
178,86;17,131
178,87;17,138
178,88;17,145
178,89;17,152
178,90;17,159
178,91;17,166
178,92;17,174
178,93;17,181
178,94;17,188
178,95;17,195
178,96;17,202
178,97;17,210
178,98;17,217
178,99;17,224
179,00;17,231
179,01;17,239
179,02;17,246
179,03;17,254
179,04;17,261
179,05;17,269
179,06;17,276
179,07;17,284
179,08;17,292
179,09;17,300
179,10;17,308
179,11;17,316
179,12;17,324
179,13;17,332
179,14;17,340
179,15;17,349
179,16;17,357
179,17;17,366
179,18;17,375
179,19;17,384
179,20;17,392
179,21;17,401
179,22;17,410
179,23;17,419
179,24;17,429
179,25;17,439
179,26;17,449
179,27;17,458
179,28;17,468
179,29;17,478
179,30;17,487
179,31;17,497
179,32;17,506
179,33;17,515
179,34;17,524
179,35;17,533
179,36;17,543
179,37;17,552
179,38;17,562
179,39;17,571
179,40;17,581
179,41;17,590
179,42;17,600
179,43;17,609
179,44;17,619
179,45;17,628
179,46;17,638
179,47;17,647
179,48;17,656
179,49;17,666
179,50;17,675
179,51;17,684
179,52;17,693
179,53;17,702
179,54;17,711
179,55;17,720
179,56;17,729
179,57;17,738
179,58;17,747
179,59;17,756
179,60;17,766
179,61;17,775
179,62;17,784
179,63;17,793
179,64;17,802
179,65;17,810
179,66;17,819
179,67;17,828
179,68;17,837
179,69;17,846
179,70;17,854
179,71;17,863
179,72;17,872
179,73;17,881
179,74;17,890
179,75;17,899
179,76;17,908
179,77;17,918
179,78;17,927
179,79;17,936
179,80;17,945
179,81;17,954
179,82;17,963
179,83;17,972
179,84;17,982
179,85;17,992
179,86;18,001
179,87;18,011
179,88;18,020
179,89;18,030
179,90;18,039
179,91;18,048
179,92;18,057
179,93;18,066
179,94;18,075
179,95;18,085
179,96;18,094
179,97;18,104
179,98;18,113
179,99;18,123
180,00;18,132
180,01;18,142
180,02;18,152
180,03;18,161
180,04;18,170
180,05;18,179
180,06;18,188
180,07;18,197
180,08;18,206
180,09;18,215
180,10;18,224
180,11;18,233
180,12;18,243
180,13;18,252
180,14;18,262
180,15;18,271
180,16;18,281
180,17;18,290
180,18;18,300
180,19;18,310
180,20;18,319
180,21;18,329
180,22;18,338
180,23;18,348
180,24;18,358
180,25;18,368
180,26;18,378
180,27;18,388
180,28;18,398
180,29;18,408
180,30;18,418
180,31;18,429
180,32;18,439
180,33;18,450
180,34;18,460
180,35;18,471
180,36;18,482
180,37;18,492
180,38;18,503
180,39;18,513
180,40;18,524
180,41;18,535
180,42;18,545
180,43;18,555
180,44;18,565
180,45;18,575
180,46;18,585
180,47;18,595
180,48;18,605
180,49;18,615
180,50;18,625
180,51;18,635
180,52;18,644
180,53;18,654
180,54;18,664
180,55;18,673
180,56;18,682
180,57;18,692
180,58;18,701
180,59;18,710
180,60;18,720
180,61;18,729
180,62;18,738
180,63;18,748
180,64;18,757
180,65;18,766
180,66;18,776
180,67;18,785
180,68;18,794
180,69;18,804
180,70;18,813
180,71;18,823
180,72;18,833
180,73;18,842
180,74;18,852
180,75;18,862
180,76;18,872
180,77;18,882
180,78;18,892
180,79;18,901
180,80;18,911
180,81;18,921
180,82;18,931
180,83;18,941
180,84;18,951
180,85;18,961
180,86;18,971
180,87;18,981
180,88;18,990
180,89;19,000
180,90;19,011
180,91;19,021
180,92;19,031
180,93;19,042
180,94;19,052
180,95;19,062
180,96;19,073
180,97;19,083
180,98;19,093
180,99;19,103
181,00;19,113
181,01;19,123
181,02;19,133
181,03;19,143
181,04;19,153
181,05;19,163
181,06;19,173
181,07;19,182
181,08;19,192
181,09;19,202
181,10;19,212
181,11;19,222
181,12;19,232
181,13;19,242
181,14;19,252
181,15;19,263
181,16;19,273
181,17;19,283
181,18;19,293
181,19;19,304
181,20;19,315
181,21;19,325
181,22;19,335
181,23;19,345
181,24;19,356
181,25;19,366
181,26;19,377
181,27;19,388
181,28;19,399
181,29;19,409
181,30;19,420
181,31;19,431
181,32;19,442
181,33;19,453
181,34;19,464
181,35;19,475
181,36;19,486
181,37;19,497
181,38;19,508
181,39;19,518
181,40;19,529
181,41;19,539
181,42;19,549
181,43;19,559
181,44;19,569
181,45;19,580
181,46;19,590
181,47;19,600
181,48;19,610
181,49;19,620
181,50;19,629
181,51;19,639
181,52;19,650
181,53;19,660
181,54;19,669
181,55;19,679
181,56;19,689
181,57;19,699
181,58;19,709
181,59;19,719
181,60;19,728
181,61;19,738
181,62;19,748
181,63;19,757
181,64;19,767
181,65;19,776
181,66;19,786
181,67;19,795
181,68;19,805
181,69;19,814
181,70;19,824
181,71;19,833
181,72;19,843
181,73;19,852
181,74;19,861
181,75;19,871
181,76;19,880
181,77;19,889
181,78;19,899
181,79;19,908
181,80;19,917
181,81;19,927
181,82;19,936
181,83;19,945
181,84;19,955
181,85;19,965
181,86;19,974
181,87;19,984
181,88;19,993
181,89;20,002
181,90;20,012
181,91;20,021
181,92;20,030
181,93;20,040
181,94;20,049
181,95;20,058
181,96;20,067
181,97;20,076
181,98;20,085
181,99;20,094
182,00;20,103
182,01;20,112
182,02;20,121
182,03;20,129
182,04;20,138
182,05;20,146
182,06;20,155
182,07;20,163
182,08;20,172
182,09;20,180
182,10;20,189
182,11;20,197
182,12;20,206
182,13;20,215
182,14;20,223
182,15;20,232
182,16;20,241
182,17;20,250
182,18;20,258
182,19;20,267
182,20;20,276
182,21;20,284
182,22;20,293
182,23;20,301
182,24;20,310
182,25;20,319
182,26;20,328
182,27;20,336
182,28;20,345
182,29;20,354
182,30;20,363
182,31;20,372
182,32;20,381
182,33;20,390
182,34;20,398
182,35;20,407
182,36;20,416
182,37;20,425
182,38;20,434
182,39;20,442
182,40;20,451
182,41;20,460
182,42;20,468
182,43;20,477
182,44;20,486
182,45;20,495
182,46;20,503
182,47;20,512
182,48;20,521
182,49;20,530
182,50;20,539
182,51;20,548
182,52;20,557
182,53;20,567
182,54;20,576
182,55;20,586
182,56;20,595
182,57;20,605
182,58;20,614
182,59;20,623
182,60;20,633
182,61;20,642
182,62;20,651
182,63;20,660
182,64;20,669
182,65;20,678
182,66;20,687
182,67;20,696
182,68;20,705
182,69;20,714
182,70;20,724
182,71;20,733
182,72;20,743
182,73;20,752
182,74;20,762
182,75;20,771
182,76;20,781
182,77;20,791
182,78;20,800
182,79;20,810
182,80;20,820
182,81;20,830
182,82;20,840
182,83;20,850
182,84;20,860
182,85;20,870
182,86;20,880
182,87;20,891
182,88;20,901
182,89;20,911
182,90;20,921
182,91;20,930
182,92;20,941
182,93;20,951
182,94;20,962
182,95;20,972
182,96;20,982
182,97;20,992
182,98;21,002
182,99;21,011
183,00;21,021
183,01;21,031
183,02;21,040
183,03;21,049
183,04;21,059
183,05;21,068
183,06;21,077
183,07;21,087
183,08;21,097
183,09;21,106
183,10;21,116
183,11;21,125
183,12;21,134
183,13;21,144
183,14;21,153
183,15;21,162
183,16;21,172
183,17;21,181
183,18;21,190
183,19;21,199
183,20;21,209
183,21;21,218
183,22;21,227
183,23;21,236
183,24;21,245
183,25;21,254
183,26;21,263
183,27;21,272
183,28;21,282
183,29;21,291
183,30;21,300
183,31;21,309
183,32;21,318
183,33;21,327
183,34;21,336
183,35;21,345
183,36;21,355
183,37;21,364
183,38;21,373
183,39;21,383
183,40;21,393
183,41;21,402
183,42;21,411
183,43;21,420
183,44;21,430
183,45;21,439
183,46;21,448
183,47;21,457
183,48;21,466
183,49;21,475
183,50;21,484
183,51;21,494
183,52;21,503
183,53;21,512
183,54;21,521
183,55;21,531
183,56;21,540
183,57;21,550
183,58;21,559
183,59;21,569
183,60;21,578
183,61;21,588
183,62;21,598
183,63;21,608
183,64;21,618
183,65;21,628
183,66;21,638
183,67;21,647
183,68;21,657
183,69;21,667
183,70;21,677
183,71;21,688
183,72;21,698
183,73;21,708
183,74;21,718
183,75;21,729
183,76;21,739
183,77;21,749
183,78;21,759
183,79;21,769
183,80;21,778
183,81;21,788
183,82;21,797
183,83;21,806
183,84;21,816
183,85;21,825
183,86;21,834
183,87;21,844
183,88;21,853
183,89;21,862
183,90;21,872
183,91;21,881
183,92;21,890
183,93;21,900
183,94;21,909
183,95;21,919
183,96;21,928
183,97;21,937
183,98;21,946
183,99;21,956
184,00;21,965
184,01;21,974
184,02;21,983
184,03;21,992
184,04;22,001
184,05;22,010
184,06;22,019
184,07;22,028
184,08;22,037
184,09;22,047
184,10;22,056
184,11;22,065
184,12;22,075
184,13;22,084
184,14;22,093
184,15;22,103
184,16;22,112
184,17;22,121
184,18;22,131
184,19;22,140
184,20;22,149
184,21;22,158
184,22;22,167
184,23;22,176
184,24;22,185
184,25;22,194
184,26;22,203
184,27;22,213
184,28;22,222
184,29;22,231
184,30;22,241
184,31;22,251
184,32;22,260
184,33;22,270
184,34;22,280
184,35;22,290
184,36;22,301
184,37;22,311
184,38;22,322
184,39;22,332
184,40;22,342
184,41;22,352
184,42;22,362
184,43;22,372
184,44;22,382
184,45;22,391
184,46;22,401
184,47;22,410
184,48;22,420
184,49;22,429
184,50;22,438
184,51;22,448
184,52;22,457
184,53;22,466
184,54;22,476
184,55;22,485
184,56;22,494
184,57;22,503
184,58;22,513
184,59;22,522
184,60;22,532
184,61;22,541
184,62;22,551
184,63;22,560
184,64;22,570
184,65;22,579
184,66;22,589
184,67;22,599
184,68;22,609
184,69;22,618
184,70;22,628
184,71;22,638
184,72;22,648
184,73;22,657
184,74;22,667
184,75;22,676
184,76;22,686
184,77;22,695
184,78;22,705
184,79;22,714
184,80;22,724
184,81;22,733
184,82;22,742
184,83;22,751
184,84;22,761
184,85;22,770
184,86;22,779
184,87;22,788
184,88;22,797
184,89;22,806
184,90;22,815
184,91;22,824
184,92;22,832
184,93;22,841
184,94;22,850
184,95;22,859
184,96;22,868
184,97;22,877
184,98;22,886
184,99;22,895
185,00;22,903
185,01;22,912
185,02;22,921
185,03;22,930
185,04;22,939
185,05;22,948
185,06;22,957
185,07;22,965
185,08;22,974
185,09;22,983
185,10;22,991
185,11;23,000
185,12;23,009
185,13;23,018
185,14;23,026
185,15;23,035
185,16;23,044
185,17;23,053
185,18;23,062
185,19;23,070
185,20;23,079
185,21;23,088
185,22;23,097
185,23;23,105
185,24;23,114
185,25;23,122
185,26;23,131
185,27;23,140
185,28;23,148
185,29;23,157
185,30;23,165
185,31;23,174
185,32;23,182
185,33;23,191
185,34;23,200
185,35;23,208
185,36;23,217
185,37;23,226
185,38;23,235
185,39;23,244
185,40;23,253
185,41;23,262
185,42;23,271
185,43;23,280
185,44;23,289
185,45;23,297
185,46;23,306
185,47;23,315
185,48;23,324
185,49;23,333
185,50;23,342
185,51;23,351
185,52;23,360
185,53;23,369
185,54;23,378
185,55;23,388
185,56;23,397
185,57;23,405
185,58;23,414
185,59;23,423
185,60;23,432
185,61;23,440
185,62;23,449
185,63;23,458
185,64;23,466
185,65;23,475
185,66;23,484
185,67;23,492
185,68;23,501
185,69;23,510
185,70;23,519
185,71;23,528
185,72;23,537
185,73;23,545
185,74;23,554
185,75;23,563
185,76;23,572
185,77;23,581
185,78;23,590
185,79;23,600
185,80;23,609
185,81;23,618
185,82;23,628
185,83;23,637
185,84;23,646
185,85;23,656
185,86;23,666
185,87;23,675
185,88;23,685
185,89;23,695
185,90;23,705
185,91;23,715
185,92;23,726
185,93;23,736
185,94;23,747
185,95;23,757
185,96;23,767
185,97;23,776
185,98;23,786
185,99;23,796
186,00;23,805
186,01;23,815
186,02;23,824
186,03;23,834
186,04;23,843
186,05;23,853
186,06;23,863
186,07;23,873
186,08;23,883
186,09;23,893
186,10;23,903
186,11;23,913
186,12;23,923
186,13;23,933
186,14;23,943
186,15;23,953
186,16;23,962
186,17;23,972
186,18;23,982
186,19;23,991
186,20;24,001
186,21;24,010
186,22;24,020
186,23;24,029
186,24;24,038
186,25;24,048
186,26;24,058
186,27;24,068
186,28;24,077
186,29;24,087
186,30;24,097
186,31;24,106
186,32;24,116
186,33;24,126
186,34;24,136
186,35;24,145
186,36;24,155
186,37;24,165
186,38;24,175
186,39;24,185
186,40;24,195
186,41;24,205
186,42;24,215
186,43;24,226
186,44;24,236
186,45;24,247
186,46;24,258
186,47;24,268
186,48;24,279
186,49;24,289
186,50;24,300
186,51;24,310
186,52;24,320
186,53;24,330
186,54;24,340
186,55;24,350
186,56;24,360
186,57;24,370
186,58;24,380
186,59;24,390
186,60;24,400
186,61;24,411
186,62;24,421
186,63;24,432
186,64;24,442
186,65;24,452
186,66;24,462
186,67;24,472
186,68;24,482
186,69;24,492
186,70;24,502
186,71;24,512
186,72;24,522
186,73;24,532
186,74;24,541
186,75;24,551
186,76;24,561
186,77;24,571
186,78;24,581
186,79;24,591
186,80;24,600
186,81;24,610
186,82;24,620
186,83;24,630
186,84;24,640
186,85;24,650
186,86;24,660
186,87;24,669
186,88;24,679
186,89;24,689
186,90;24,698
186,91;24,708
186,92;24,718
186,93;24,728
186,94;24,737
186,95;24,747
186,96;24,757
186,97;24,767
186,98;24,777
186,99;24,787
187,00;24,797
187,01;24,807
187,02;24,817
187,03;24,827
187,04;24,837
187,05;24,847
187,06;24,857
187,07;24,867
187,08;24,878
187,09;24,888
187,10;24,898
187,11;24,908
187,12;24,919
187,13;24,929
187,14;24,940
187,15;24,950
187,16;24,962
187,17;24,973
187,18;24,984
187,19;24,995
187,20;25,005
187,21;25,016
187,22;25,027
187,23;25,038
187,24;25,050
187,25;25,061
187,26;25,073
187,27;25,085
187,28;25,096
187,29;25,107
187,30;25,118
187,31;25,129
187,32;25,140
187,33;25,151
187,34;25,162
187,35;25,173
187,36;25,184
187,37;25,194
187,38;25,205
187,39;25,216
187,40;25,227
187,41;25,237
187,42;25,248
187,43;25,258
187,44;25,269
187,45;25,279
187,46;25,290
187,47;25,300
187,48;25,310
187,49;25,320
187,50;25,330
187,51;25,340
187,52;25,350
187,53;25,360
187,54;25,370
187,55;25,380
187,56;25,390
187,57;25,400
187,58;25,409
187,59;25,419
187,60;25,429
187,61;25,439
187,62;25,449
187,63;25,458
187,64;25,468
187,65;25,478
187,66;25,487
187,67;25,497
187,68;25,507
187,69;25,517
187,70;25,527
187,71;25,536
187,72;25,546
187,73;25,556
187,74;25,566
187,75;25,576
187,76;25,586
187,77;25,596
187,78;25,606
187,79;25,616
187,80;25,626
187,81;25,637
187,82;25,647
187,83;25,656
187,84;25,666
187,85;25,676
187,86;25,686
187,87;25,696
187,88;25,705
187,89;25,715
187,90;25,725
187,91;25,735
187,92;25,744
187,93;25,754
187,94;25,763
187,95;25,773
187,96;25,782
187,97;25,791
187,98;25,801
187,99;25,810
188,00;25,819
188,01;25,828
188,02;25,838
188,03;25,847
188,04;25,856
188,05;25,865
188,06;25,875
188,07;25,884
188,08;25,893
188,09;25,902
188,10;25,911
188,11;25,920
188,12;25,930
188,13;25,939
188,14;25,948
188,15;25,957
188,16;25,966
188,17;25,976
188,18;25,985
188,19;25,994
188,20;26,004
188,21;26,013
188,22;26,023
188,23;26,032
188,24;26,042
188,25;26,051
188,26;26,061
188,27;26,070
188,28;26,080
188,29;26,090
188,30;26,099
188,31;26,109
188,32;26,118
188,33;26,128
188,34;26,138
188,35;26,147
188,36;26,157
188,37;26,167
188,38;26,176
188,39;26,186
188,40;26,196
188,41;26,206
188,42;26,216
188,43;26,226
188,44;26,237
188,45;26,247
188,46;26,257
188,47;26,267
188,48;26,278
188,49;26,288
188,50;26,299
188,51;26,309
188,52;26,319
188,53;26,330
188,54;26,340
188,55;26,351
188,56;26,361
188,57;26,372
188,58;26,382
188,59;26,393
188,60;26,403
188,61;26,414
188,62;26,425
188,63;26,435
188,64;26,446
188,65;26,457
188,66;26,467
188,67;26,478
188,68;26,488
188,69;26,499
188,70;26,510
188,71;26,520
188,72;26,531
188,73;26,541
188,74;26,551
188,75;26,561
188,76;26,572
188,77;26,582
188,78;26,592
188,79;26,602
188,80;26,612
188,81;26,622
188,82;26,632
188,83;26,642
188,84;26,652
188,85;26,661
188,86;26,671
188,87;26,681
188,88;26,691
188,89;26,701
188,90;26,710
188,91;26,720
188,92;26,730
188,93;26,739
188,94;26,749
188,95;26,759
188,96;26,769
188,97;26,778
188,98;26,788
188,99;26,798
189,00;26,807
189,01;26,817
189,02;26,827
189,03;26,836
189,04;26,846
189,05;26,856
189,06;26,866
189,07;26,876
189,08;26,886
189,09;26,896
189,10;26,906
189,11;26,916
189,12;26,926
189,13;26,936
189,14;26,946
189,15;26,955
189,16;26,966
189,17;26,976
189,18;26,986
189,19;26,996
189,20;27,006
189,21;27,016
189,22;27,026
189,23;27,036
189,24;27,046
189,25;27,055
189,26;27,065
189,27;27,075
189,28;27,085
189,29;27,095
189,30;27,105
189,31;27,114
189,32;27,124
189,33;27,135
189,34;27,145
189,35;27,155
189,36;27,165
189,37;27,175
189,38;27,185
189,39;27,195
189,40;27,206
189,41;27,217
189,42;27,228
189,43;27,238
189,44;27,248
189,45;27,258
189,46;27,268
189,47;27,277
189,48;27,287
189,49;27,296
189,50;27,306
189,51;27,315
189,52;27,325
189,53;27,334
189,54;27,344
189,55;27,353
189,56;27,363
189,57;27,373
189,58;27,382
189,59;27,392
189,60;27,401
189,61;27,411
189,62;27,421
189,63;27,430
189,64;27,440
189,65;27,450
189,66;27,460
189,67;27,469
189,68;27,479
189,69;27,489
189,70;27,499
189,71;27,508
189,72;27,519
189,73;27,529
189,74;27,540
189,75;27,550
189,76;27,561
189,77;27,572
189,78;27,582
189,79;27,593
189,80;27,603
189,81;27,613
189,82;27,623
189,83;27,633
189,84;27,643
189,85;27,653
189,86;27,663
189,87;27,673
189,88;27,683
189,89;27,693
189,90;27,702
189,91;27,712
189,92;27,722
189,93;27,732
189,94;27,742
189,95;27,752
189,96;27,762
189,97;27,772
189,98;27,782
189,99;27,792
190,00;27,802
190,01;27,812
190,02;27,822
190,03;27,833
190,04;27,843
190,05;27,853
190,06;27,863
190,07;27,873
190,08;27,883
190,09;27,893
190,10;27,903
190,11;27,914
190,12;27,924
190,13;27,934
190,14;27,944
190,15;27,954
190,16;27,964
190,17;27,974
190,18;27,985
190,19;27,995
190,20;28,005
190,21;28,015
190,22;28,026
190,23;28,036
190,24;28,047
190,25;28,057
190,26;28,068
190,27;28,079
190,28;28,089
190,29;28,100
190,30;28,111
190,31;28,121
190,32;28,132
190,33;28,143
190,34;28,154
190,35;28,165
190,36;28,175
190,37;28,186
190,38;28,197
190,39;28,208
190,40;28,219
190,41;28,230
190,42;28,241
190,43;28,252
190,44;28,263
190,45;28,274
190,46;28,285
190,47;28,296
190,48;28,306
190,49;28,317
190,50;28,328
190,51;28,338
190,52;28,348
190,53;28,359
190,54;28,369
190,55;28,379
190,56;28,389
190,57;28,400
190,58;28,410
190,59;28,420
190,60;28,431
190,61;28,441
190,62;28,452
190,63;28,462
190,64;28,473
190,65;28,483
190,66;28,494
190,67;28,504
190,68;28,515
190,69;28,526
190,70;28,536
190,71;28,547
190,72;28,558
190,73;28,568
190,74;28,579
190,75;28,589
190,76;28,599
190,77;28,609
190,78;28,620
190,79;28,630
190,80;28,641
190,81;28,651
190,82;28,662
190,83;28,672
190,84;28,682
190,85;28,693
190,86;28,703
190,87;28,713
190,88;28,723
190,89;28,733
190,90;28,744
190,91;28,754
190,92;28,764
190,93;28,775
190,94;28,785
190,95;28,795
190,96;28,806
190,97;28,816
190,98;28,826
190,99;28,837
191,00;28,847
191,01;28,857
191,02;28,868
191,03;28,878
191,04;28,888
191,05;28,899
191,06;28,909
191,07;28,919
191,08;28,929
191,09;28,940
191,10;28,950
191,11;28,960
191,12;28,971
191,13;28,981
191,14;28,992
191,15;29,002
191,16;29,013
191,17;29,023
191,18;29,034
191,19;29,044
191,20;29,055
191,21;29,065
191,22;29,075
191,23;29,086
191,24;29,096
191,25;29,107
191,26;29,117
191,27;29,128
191,28;29,139
191,29;29,149
191,30;29,160
191,31;29,170
191,32;29,181
191,33;29,191
191,34;29,201
191,35;29,212
191,36;29,222
191,37;29,233
191,38;29,243
191,39;29,254
191,40;29,264
191,41;29,274
191,42;29,285
191,43;29,295
191,44;29,306
191,45;29,316
191,46;29,327
191,47;29,337
191,48;29,348
191,49;29,358
191,50;29,368
191,51;29,379
191,52;29,389
191,53;29,400
191,54;29,411
191,55;29,421
191,56;29,432
191,57;29,442
191,58;29,452
191,59;29,463
191,60;29,473
191,61;29,483
191,62;29,493
191,63;29,503
191,64;29,513
191,65;29,523
191,66;29,533
191,67;29,544
191,68;29,554
191,69;29,564
191,70;29,574
191,71;29,584
191,72;29,594
191,73;29,605
191,74;29,615
191,75;29,625
191,76;29,635
191,77;29,645
191,78;29,655
191,79;29,665
191,80;29,675
191,81;29,686
191,82;29,696
191,83;29,707
191,84;29,717
191,85;29,728
191,86;29,738
191,87;29,749
191,88;29,759
191,89;29,769
191,90;29,780
191,91;29,790
191,92;29,800
191,93;29,811
191,94;29,821
191,95;29,831
191,96;29,842
191,97;29,852
191,98;29,862
191,99;29,873
192,00;29,883
192,01;29,894
192,02;29,904
192,03;29,915
192,04;29,925
192,05;29,936
192,06;29,946
192,07;29,957
192,08;29,967
192,09;29,978
192,10;29,989
192,11;29,999
192,12;30,010
192,13;30,021
192,14;30,032
192,15;30,043
192,16;30,054
192,17;30,065
192,18;30,076
192,19;30,087
192,20;30,098
192,21;30,108
192,22;30,119
192,23;30,130
192,24;30,141
192,25;30,152
192,26;30,164
192,27;30,175
192,28;30,186
192,29;30,197
192,30;30,207
192,31;30,218
192,32;30,229
192,33;30,239
192,34;30,250
192,35;30,261
192,36;30,272
192,37;30,282
192,38;30,293
192,39;30,305
192,40;30,316
192,41;30,328
192,42;30,339
192,43;30,350
192,44;30,361
192,45;30,373
192,46;30,384
192,47;30,395
192,48;30,407
192,49;30,418
192,50;30,429
192,51;30,440
192,52;30,451
192,53;30,461
192,54;30,472
192,55;30,483
192,56;30,494
192,57;30,504
192,58;30,515
192,59;30,526
192,60;30,537
192,61;30,548
192,62;30,558
192,63;30,569
192,64;30,580
192,65;30,590
192,66;30,601
192,67;30,612
192,68;30,622
192,69;30,633
192,70;30,643
192,71;30,654
192,72;30,665
192,73;30,675
192,74;30,686
192,75;30,697
192,76;30,708
192,77;30,718
192,78;30,729
192,79;30,739
192,80;30,750
192,81;30,761
192,82;30,771
192,83;30,782
192,84;30,793
192,85;30,803
192,86;30,814
192,87;30,825
192,88;30,835
192,89;30,846
192,90;30,856
192,91;30,866
192,92;30,876
192,93;30,886
192,94;30,896
192,95;30,906
192,96;30,916
192,97;30,926
192,98;30,936
192,99;30,946
193,00;30,956
193,01;30,966
193,02;30,976
193,03;30,986
193,04;30,996
193,05;31,007
193,06;31,017
193,07;31,027
193,08;31,037
193,09;31,048
193,10;31,058
193,11;31,068
193,12;31,079
193,13;31,089
193,14;31,099
193,15;31,110
193,16;31,120
193,17;31,130
193,18;31,141
193,19;31,152
193,20;31,162
193,21;31,172
193,22;31,183
193,23;31,193
193,24;31,203
193,25;31,214
193,26;31,224
193,27;31,234
193,28;31,244
193,29;31,254
193,30;31,264
193,31;31,274
193,32;31,284
193,33;31,295
193,34;31,305
193,35;31,315
193,36;31,325
193,37;31,336
193,38;31,346
193,39;31,356
193,40;31,367
193,41;31,377
193,42;31,387
193,43;31,398
193,44;31,408
193,45;31,418
193,46;31,428
193,47;31,439
193,48;31,449
193,49;31,459
193,50;31,469
193,51;31,479
193,52;31,489
193,53;31,499
193,54;31,508
193,55;31,518
193,56;31,528
193,57;31,538
193,58;31,548
193,59;31,557
193,60;31,567
193,61;31,577
193,62;31,587
193,63;31,596
193,64;31,606
193,65;31,616
193,66;31,626
193,67;31,635
193,68;31,645
193,69;31,655
193,70;31,665
193,71;31,675
193,72;31,685
193,73;31,695
193,74;31,705
193,75;31,715
193,76;31,725
193,77;31,735
193,78;31,745
193,79;31,755
193,80;31,765
193,81;31,776
193,82;31,786
193,83;31,796
193,84;31,806
193,85;31,816
193,86;31,826
193,87;31,836
193,88;31,846
193,89;31,856
193,90;31,866
193,91;31,875
193,92;31,885
193,93;31,895
193,94;31,905
193,95;31,914
193,96;31,924
193,97;31,934
193,98;31,944
193,99;31,954
194,00;31,964
194,01;31,974
194,02;31,984
194,03;31,994
194,04;32,005
194,05;32,015
194,06;32,026
194,07;32,036
194,08;32,046
194,09;32,057
194,10;32,067
194,11;32,078
194,12;32,088
194,13;32,099
194,14;32,109
194,15;32,119
194,16;32,130
194,17;32,140
194,18;32,151
194,19;32,161
194,20;32,172
194,21;32,183
194,22;32,194
194,23;32,204
194,24;32,215
194,25;32,226
194,26;32,237
194,27;32,248
194,28;32,258
194,29;32,269
194,30;32,280
194,31;32,290
194,32;32,301
194,33;32,312
194,34;32,322
194,35;32,333
194,36;32,344
194,37;32,354
194,38;32,365
194,39;32,375
194,40;32,386
194,41;32,396
194,42;32,407
194,43;32,418
194,44;32,429
194,45;32,440
194,46;32,450
194,47;32,461
194,48;32,472
194,49;32,483
194,50;32,494
194,51;32,505
194,52;32,517
194,53;32,528
194,54;32,539
194,55;32,551
194,56;32,562
194,57;32,573
194,58;32,585
194,59;32,596
194,60;32,608
194,61;32,619
194,62;32,630
194,63;32,641
194,64;32,652
194,65;32,664
194,66;32,675
194,67;32,686
194,68;32,697
194,69;32,708
194,70;32,719
194,71;32,729
194,72;32,740
194,73;32,751
194,74;32,762
194,75;32,773
194,76;32,784
194,77;32,795
194,78;32,805
194,79;32,816
194,80;32,827
194,81;32,838
194,82;32,848
194,83;32,859
194,84;32,870
194,85;32,881
194,86;32,891
194,87;32,902
194,88;32,913
194,89;32,924
194,90;32,935
194,91;32,946
194,92;32,958
194,93;32,969
194,94;32,980
194,95;32,991
194,96;33,002
194,97;33,013
194,98;33,025
194,99;33,035
195,00;33,047
195,01;33,057
195,02;33,069
195,03;33,080
195,04;33,091
195,05;33,102
195,06;33,112
195,07;33,123
195,08;33,134
195,09;33,145
195,10;33,155
195,11;33,166
195,12;33,177
195,13;33,188
195,14;33,199
195,15;33,210
195,16;33,221
195,17;33,232
195,18;33,243
195,19;33,254
195,20;33,265
195,21;33,276
195,22;33,286
195,23;33,297
195,24;33,308
195,25;33,319
195,26;33,331
195,27;33,342
195,28;33,353
195,29;33,364
195,30;33,375
195,31;33,386
195,32;33,397
195,33;33,408
195,34;33,419
195,35;33,430
195,36;33,440
195,37;33,451
195,38;33,462
195,39;33,473
195,40;33,483
195,41;33,494
195,42;33,504
195,43;33,515
195,44;33,526
195,45;33,536
195,46;33,547
195,47;33,557
195,48;33,567
195,49;33,578
195,50;33,588
195,51;33,598
195,52;33,608
195,53;33,619
195,54;33,629
195,55;33,639
195,56;33,650
195,57;33,661
195,58;33,671
195,59;33,682
195,60;33,693
195,61;33,703
195,62;33,714
195,63;33,725
195,64;33,735
195,65;33,746
195,66;33,756
195,67;33,766
195,68;33,777
195,69;33,787
195,70;33,797
195,71;33,807
195,72;33,818
195,73;33,828
195,74;33,838
195,75;33,848
195,76;33,858
195,77;33,868
195,78;33,878
195,79;33,888
195,80;33,898
195,81;33,908
195,82;33,918
195,83;33,928
195,84;33,938
195,85;33,948
195,86;33,958
195,87;33,968
195,88;33,977
195,89;33,987
195,90;33,997
195,91;34,007
195,92;34,017
195,93;34,028
195,94;34,038
195,95;34,048
195,96;34,058
195,97;34,068
195,98;34,078
195,99;34,088
196,00;34,099
196,01;34,109
196,02;34,119
196,03;34,130
196,04;34,140
196,05;34,151
196,06;34,162
196,07;34,172
196,08;34,183
196,09;34,193
196,10;34,204
196,11;34,214
196,12;34,224
196,13;34,235
196,14;34,245
196,15;34,255
196,16;34,266
196,17;34,276
196,18;34,286
196,19;34,297
196,20;34,307
196,21;34,318
196,22;34,328
196,23;34,339
196,24;34,349
196,25;34,359
196,26;34,370
196,27;34,380
196,28;34,390
196,29;34,400
196,30;34,409
196,31;34,419
196,32;34,429
196,33;34,439
196,34;34,448
196,35;34,458
196,36;34,468
196,37;34,478
196,38;34,487
196,39;34,496
196,40;34,506
196,41;34,515
196,42;34,525
196,43;34,534
196,44;34,543
196,45;34,553
196,46;34,562
196,47;34,571
196,48;34,581
196,49;34,590
196,50;34,600
196,51;34,609
196,52;34,618
196,53;34,628
196,54;34,637
196,55;34,646
196,56;34,656
196,57;34,665
196,58;34,675
196,59;34,684
196,60;34,693
196,61;34,703
196,62;34,712
196,63;34,722
196,64;34,731
196,65;34,741
196,66;34,750
196,67;34,760
196,68;34,769
196,69;34,779
196,70;34,788
196,71;34,798
196,72;34,807
196,73;34,817
196,74;34,827
196,75;34,836
196,76;34,846
196,77;34,856
196,78;34,865
196,79;34,875
196,80;34,885
196,81;34,895
196,82;34,905
196,83;34,914
196,84;34,924
196,85;34,934
196,86;34,944
196,87;34,954
196,88;34,964
196,89;34,974
196,90;34,983
196,91;34,993
196,92;35,003
196,93;35,013
196,94;35,023
196,95;35,033
196,96;35,043
196,97;35,053
196,98;35,064
196,99;35,074
197,00;35,084
197,01;35,094
197,02;35,104
197,03;35,114
197,04;35,125
197,05;35,135
197,06;35,145
197,07;35,156
197,08;35,166
197,09;35,177
197,10;35,187
197,11;35,198
197,12;35,209
197,13;35,220
197,14;35,231
197,15;35,241
197,16;35,252
197,17;35,263
197,18;35,273
197,19;35,284
197,20;35,295
197,21;35,305
197,22;35,316
197,23;35,327
197,24;35,337
197,25;35,348
197,26;35,358
197,27;35,369
197,28;35,380
197,29;35,390
197,30;35,401
197,31;35,411
197,32;35,422
197,33;35,432
197,34;35,443
197,35;35,453
197,36;35,464
197,37;35,474
197,38;35,484
197,39;35,495
197,40;35,505
197,41;35,516
197,42;35,526
197,43;35,537
197,44;35,547
197,45;35,557
197,46;35,568
197,47;35,578
197,48;35,589
197,49;35,599
197,50;35,610
197,51;35,621
197,52;35,631
197,53;35,642
197,54;35,653
197,55;35,663
197,56;35,674
197,57;35,684
197,58;35,694
197,59;35,705
197,60;35,715
197,61;35,725
197,62;35,735
197,63;35,745
197,64;35,755
197,65;35,765
197,66;35,775
197,67;35,785
197,68;35,795
197,69;35,805
197,70;35,815
197,71;35,825
197,72;35,835
197,73;35,845
197,74;35,855
197,75;35,865
197,76;35,875
197,77;35,886
197,78;35,896
197,79;35,906
197,80;35,917
197,81;35,927
197,82;35,938
197,83;35,948
197,84;35,958
197,85;35,969
197,86;35,979
197,87;35,990
197,88;36,000
197,89;36,011
197,90;36,021
197,91;36,031
197,92;36,042
197,93;36,052
197,94;36,063
197,95;36,073
197,96;36,084
197,97;36,095
197,98;36,105
197,99;36,116
198,00;36,127
198,01;36,137
198,02;36,148
198,03;36,159
198,04;36,169
198,05;36,180
198,06;36,191
198,07;36,201
198,08;36,212
198,09;36,223
198,10;36,234
198,11;36,245
198,12;36,255
198,13;36,266
198,14;36,277
198,15;36,288
198,16;36,298
198,17;36,309
198,18;36,320
198,19;36,331
198,20;36,341
198,21;36,352
198,22;36,364
198,23;36,375
198,24;36,386
198,25;36,397
198,26;36,408
198,27;36,419
198,28;36,430
198,29;36,441
198,30;36,452
198,31;36,463
198,32;36,474
198,33;36,485
198,34;36,496
198,35;36,507
198,36;36,518
198,37;36,530
198,38;36,541
198,39;36,553
198,40;36,564
198,41;36,576
198,42;36,587
198,43;36,599
198,44;36,610
198,45;36,622
198,46;36,633
198,47;36,644
198,48;36,656
198,49;36,667
198,50;36,678
198,51;36,689
198,52;36,701
198,53;36,712
198,54;36,724
198,55;36,735
198,56;36,746
198,57;36,757
198,58;36,768
198,59;36,779
198,60;36,791
198,61;36,802
198,62;36,813
198,63;36,825
198,64;36,836
198,65;36,848
198,66;36,859
198,67;36,871
198,68;36,882
198,69;36,894
198,70;36,905
198,71;36,917
198,72;36,929
198,73;36,940
198,74;36,952
198,75;36,963
198,76;36,973
198,77;36,984
198,78;36,995
198,79;37,006
198,80;37,017
198,81;37,027
198,82;37,038
198,83;37,049
198,84;37,060
198,85;37,071
198,86;37,081
198,87;37,092
198,88;37,103
198,89;37,113
198,90;37,124
198,91;37,135
198,92;37,146
198,93;37,157
198,94;37,168
198,95;37,180
198,96;37,191
198,97;37,202
198,98;37,214
198,99;37,225
199,00;37,236
199,01;37,248
199,02;37,259
199,03;37,271
199,04;37,283
199,05;37,294
199,06;37,306
199,07;37,318
199,08;37,330
199,09;37,341
199,10;37,353
199,11;37,365
199,12;37,377
199,13;37,389
199,14;37,401
199,15;37,413
199,16;37,425
199,17;37,438
199,18;37,450
199,19;37,463
199,20;37,475
199,21;37,488
199,22;37,501
199,23;37,514
199,24;37,528
199,25;37,542
199,26;37,557
199,27;37,572
199,28;37,586
199,29;37,600
199,30;37,614
199,31;37,628
199,32;37,642
199,33;37,657
199,34;37,671
199,35;37,686
199,36;37,701
199,37;37,718
199,38;37,738
199,39;37,758
199,40;37,774
199,41;37,790
199,42;37,804
199,43;37,817
199,44;37,830
199,45;37,843
199,46;37,856
199,47;37,869
199,48;37,881
199,49;37,894
199,50;37,906
199,51;37,919
199,52;37,931
199,53;37,943
199,54;37,955
199,55;37,968
199,56;37,981
199,57;37,994
199,58;38,006
199,59;38,019
199,60;38,031
199,61;38,044
199,62;38,056
199,63;38,068
199,64;38,080
199,65;38,092
199,66;38,103
199,67;38,114
199,68;38,126
199,69;38,137
199,70;38,148
199,71;38,159
199,72;38,170
199,73;38,180
199,74;38,191
199,75;38,201
199,76;38,212
199,77;38,222
199,78;38,233
199,79;38,243
199,80;38,253
199,81;38,263
199,82;38,274
199,83;38,284
199,84;38,294
199,85;38,305
199,86;38,315
199,87;38,325
199,88;38,335
199,89;38,346
199,90;38,356
199,91;38,366
199,92;38,376
199,93;38,386
199,94;38,396
199,95;38,406
199,96;38,416
199,97;38,426
199,98;38,436
199,99;38,446
200,00;38,456
200,01;38,467
200,02;38,477
200,03;38,487
200,04;38,497
200,05;38,508
200,06;38,518
200,07;38,529
200,08;38,539
200,09;38,550
200,10;38,560
200,11;38,571
200,12;38,581
200,13;38,592
200,14;38,602
200,15;38,613
200,16;38,624
200,17;38,635
200,18;38,645
200,19;38,656
200,20;38,666
200,21;38,677
200,22;38,687
200,23;38,698
200,24;38,708
200,25;38,718
200,26;38,729
200,27;38,739
200,28;38,749
200,29;38,760
200,30;38,770
200,31;38,780
200,32;38,790
200,33;38,801
200,34;38,811
200,35;38,822
200,36;38,832
200,37;38,844
200,38;38,855
200,39;38,867
200,40;38,878
200,41;38,889
200,42;38,899
200,43;38,910
200,44;38,920
200,45;38,930
200,46;38,940
200,47;38,950
200,48;38,960
200,49;38,971
200,50;38,981
200,51;38,991
200,52;39,002
200,53;39,012
200,54;39,022
200,55;39,032
200,56;39,043
200,57;39,052
200,58;39,062
200,59;39,072
200,60;39,081
200,61;39,091
200,62;39,100
200,63;39,110
200,64;39,119
200,65;39,129
200,66;39,138
200,67;39,148
200,68;39,157
200,69;39,167
200,70;39,177
200,71;39,186
200,72;39,196
200,73;39,205
200,74;39,215
200,75;39,224
200,76;39,234
200,77;39,243
200,78;39,253
200,79;39,262
200,80;39,271
200,81;39,281
200,82;39,290
200,83;39,300
200,84;39,309
200,85;39,319
200,86;39,328
200,87;39,338
200,88;39,347
200,89;39,357
200,90;39,366
200,91;39,376
200,92;39,385
200,93;39,394
200,94;39,404
200,95;39,413
200,96;39,423
200,97;39,432
200,98;39,442
200,99;39,451
201,00;39,460
201,01;39,470
201,02;39,479
201,03;39,488
201,04;39,497
201,05;39,506
201,06;39,516
201,07;39,525
201,08;39,534
201,09;39,544
201,10;39,553
201,11;39,563
201,12;39,573
201,13;39,583
201,14;39,592
201,15;39,602
201,16;39,612
201,17;39,622
201,18;39,631
201,19;39,641
201,20;39,651
201,21;39,661
201,22;39,670
201,23;39,680
201,24;39,690
201,25;39,700
201,26;39,710
201,27;39,720
201,28;39,729
201,29;39,739
201,30;39,749
201,31;39,759
201,32;39,768
201,33;39,778
201,34;39,788
201,35;39,797
201,36;39,807
201,37;39,816
201,38;39,826
201,39;39,835
201,40;39,844
201,41;39,853
201,42;39,863
201,43;39,872
201,44;39,881
201,45;39,890
201,46;39,899
201,47;39,908
201,48;39,918
201,49;39,927
201,50;39,935
201,51;39,944
201,52;39,953
201,53;39,962
201,54;39,971
201,55;39,980
201,56;39,988
201,57;39,997
201,58;40,006
201,59;40,014
201,60;40,023
201,61;40,031
201,62;40,040
201,63;40,049
201,64;40,057
201,65;40,066
201,66;40,074
201,67;40,083
201,68;40,092
201,69;40,100
201,70;40,109
201,71;40,117
201,72;40,126
201,73;40,134
201,74;40,143
201,75;40,151
201,76;40,160
201,77;40,168
201,78;40,176
201,79;40,185
201,80;40,193
201,81;40,202
201,82;40,210
201,83;40,218
201,84;40,226
201,85;40,235
201,86;40,243
201,87;40,251
201,88;40,259
201,89;40,268
201,90;40,276
201,91;40,284
201,92;40,292
201,93;40,300
201,94;40,309
201,95;40,317
201,96;40,325
201,97;40,333
201,98;40,342
201,99;40,350
202,00;40,358
202,01;40,366
202,02;40,375
202,03;40,383
202,04;40,391
202,05;40,399
202,06;40,407
202,07;40,415
202,08;40,423
202,09;40,432
202,10;40,440
202,11;40,448
202,12;40,456
202,13;40,464
202,14;40,473
202,15;40,481
202,16;40,489
202,17;40,497
202,18;40,506
202,19;40,514
202,20;40,522
202,21;40,530
202,22;40,538
202,23;40,546
202,24;40,554
202,25;40,562
202,26;40,570
202,27;40,578
202,28;40,587
202,29;40,595
202,30;40,603
202,31;40,611
202,32;40,619
202,33;40,627
202,34;40,635
202,35;40,643
202,36;40,652
202,37;40,660
202,38;40,668
202,39;40,676
202,40;40,684
202,41;40,692
202,42;40,700
202,43;40,709
202,44;40,717
202,45;40,725
202,46;40,733
202,47;40,741
202,48;40,750
202,49;40,758
202,50;40,766
202,51;40,775
202,52;40,783
202,53;40,791
202,54;40,799
202,55;40,808
202,56;40,816
202,57;40,824
202,58;40,832
202,59;40,840
202,60;40,848
202,61;40,856
202,62;40,864
202,63;40,872
202,64;40,880
202,65;40,888
202,66;40,896
202,67;40,904
202,68;40,912
202,69;40,920
202,70;40,928
202,71;40,936
202,72;40,944
202,73;40,952
202,74;40,960
202,75;40,968
202,76;40,976
202,77;40,984
202,78;40,992
202,79;41,000
202,80;41,008
202,81;41,015
202,82;41,023
202,83;41,031
202,84;41,039
202,85;41,047
202,86;41,055
202,87;41,063
202,88;41,071
202,89;41,079
202,90;41,087
202,91;41,095
202,92;41,103
202,93;41,111
202,94;41,119
202,95;41,127
202,96;41,135
202,97;41,143
202,98;41,151
202,99;41,159
203,00;41,167
203,01;41,175
203,02;41,183
203,03;41,191
203,04;41,200
203,05;41,208
203,06;41,216
203,07;41,224
203,08;41,233
203,09;41,241
203,10;41,249
203,11;41,258
203,12;41,268
203,13;41,277
203,14;41,286
203,15;41,295
203,16;41,304
203,17;41,313
203,18;41,322
203,19;41,330
203,20;41,339
203,21;41,348
203,22;41,357
203,23;41,365
203,24;41,374
203,25;41,383
203,26;41,391
203,27;41,400
203,28;41,409
203,29;41,417
203,30;41,426
203,31;41,435
203,32;41,443
203,33;41,452
203,34;41,461
203,35;41,469
203,36;41,478
203,37;41,486
203,38;41,495
203,39;41,503
203,40;41,512
203,41;41,520
203,42;41,529
203,43;41,537
203,44;41,546
203,45;41,554
203,46;41,563
203,47;41,571
203,48;41,580
203,49;41,588
203,50;41,597
203,51;41,605
203,52;41,614
203,53;41,622
203,54;41,631
203,55;41,640
203,56;41,648
203,57;41,657
203,58;41,666
203,59;41,674
203,60;41,683
203,61;41,692
203,62;41,700
203,63;41,709
203,64;41,718
203,65;41,726
203,66;41,735
203,67;41,744
203,68;41,752
203,69;41,761
203,70;41,770
203,71;41,779
203,72;41,787
203,73;41,796
203,74;41,805
203,75;41,814
203,76;41,823
203,77;41,832
203,78;41,841
203,79;41,850
203,80;41,859
203,81;41,867
203,82;41,876
203,83;41,885
203,84;41,893
203,85;41,902
203,86;41,911
203,87;41,919
203,88;41,928
203,89;41,936
203,90;41,945
203,91;41,954
203,92;41,962
203,93;41,971
203,94;41,980
203,95;41,988
203,96;41,997
203,97;42,006
203,98;42,015
203,99;42,023
204,00;42,032
204,01;42,041
204,02;42,050
204,03;42,059
204,04;42,068
204,05;42,078
204,06;42,087
204,07;42,097
204,08;42,106
204,09;42,115
204,10;42,125
204,11;42,134
204,12;42,143
204,13;42,152
204,14;42,161
204,15;42,170
204,16;42,180
204,17;42,189
204,18;42,198
204,19;42,207
204,20;42,216
204,21;42,225
204,22;42,234
204,23;42,243
204,24;42,252
204,25;42,261
204,26;42,271
204,27;42,280
204,28;42,289
204,29;42,298
204,30;42,307
204,31;42,315
204,32;42,324
204,33;42,333
204,34;42,342
204,35;42,351
204,36;42,360
204,37;42,369
204,38;42,377
204,39;42,386
204,40;42,395
204,41;42,404
204,42;42,413
204,43;42,422
204,44;42,431
204,45;42,440
204,46;42,449
204,47;42,458
204,48;42,466
204,49;42,475
204,50;42,484
204,51;42,493
204,52;42,502
204,53;42,511
204,54;42,520
204,55;42,529
204,56;42,538
204,57;42,547
204,58;42,556
204,59;42,565
204,60;42,574
204,61;42,583
204,62;42,592
204,63;42,601
204,64;42,610
204,65;42,619
204,66;42,628
204,67;42,637
204,68;42,646
204,69;42,655
204,70;42,664
204,71;42,673
204,72;42,682
204,73;42,691
204,74;42,700
204,75;42,709
204,76;42,718
204,77;42,728
204,78;42,737
204,79;42,746
204,80;42,755
204,81;42,764
204,82;42,774
204,83;42,784
204,84;42,793
204,85;42,802
204,86;42,811
204,87;42,821
204,88;42,830
204,89;42,839
204,90;42,849
204,91;42,858
204,92;42,867
204,93;42,876
204,94;42,885
204,95;42,894
204,96;42,903
204,97;42,912
204,98;42,921
204,99;42,930
205,00;42,939
205,01;42,948
205,02;42,957
205,03;42,967
205,04;42,975
205,05;42,984
205,06;42,993
205,07;43,001
205,08;43,010
205,09;43,019
205,10;43,027
205,11;43,036
205,12;43,045
205,13;43,054
205,14;43,062
205,15;43,071
205,16;43,080
205,17;43,089
205,18;43,098
205,19;43,107
205,20;43,116
205,21;43,125
205,22;43,134
205,23;43,143
205,24;43,152
205,25;43,161
205,26;43,170
205,27;43,179
205,28;43,188
205,29;43,197
205,30;43,205
205,31;43,214
205,32;43,223
205,33;43,233
205,34;43,242
205,35;43,251
205,36;43,260
205,37;43,269
205,38;43,278
205,39;43,287
205,40;43,297
205,41;43,306
205,42;43,315
205,43;43,324
205,44;43,333
205,45;43,342
205,46;43,351
205,47;43,360
205,48;43,369
205,49;43,378
205,50;43,387
205,51;43,396
205,52;43,405
205,53;43,415
205,54;43,424
205,55;43,433
205,56;43,442
205,57;43,451
205,58;43,461
205,59;43,470
205,60;43,479
205,61;43,488
205,62;43,497
205,63;43,506
205,64;43,515
205,65;43,524
205,66;43,533
205,67;43,542
205,68;43,551
205,69;43,561
205,70;43,570
205,71;43,579
205,72;43,588
205,73;43,598
205,74;43,608
205,75;43,617
205,76;43,627
205,77;43,636
205,78;43,646
205,79;43,655
205,80;43,665
205,81;43,674
205,82;43,684
205,83;43,693
205,84;43,703
205,85;43,712
205,86;43,722
205,87;43,731
205,88;43,741
205,89;43,750
205,90;43,759
205,91;43,769
205,92;43,778
205,93;43,788
205,94;43,797
205,95;43,807
205,96;43,816
205,97;43,826
205,98;43,835
205,99;43,844
206,00;43,854
206,01;43,863
206,02;43,872
206,03;43,882
206,04;43,891
206,05;43,900
206,06;43,909
206,07;43,919
206,08;43,928
206,09;43,937
206,10;43,946
206,11;43,955
206,12;43,965
206,13;43,974
206,14;43,983
206,15;43,992
206,16;44,001
206,17;44,011
206,18;44,020
206,19;44,029
206,20;44,038
206,21;44,047
206,22;44,057
206,23;44,066
206,24;44,075
206,25;44,084
206,26;44,094
206,27;44,103
206,28;44,112
206,29;44,121
206,30;44,130
206,31;44,140
206,32;44,149
206,33;44,158
206,34;44,167
206,35;44,176
206,36;44,186
206,37;44,195
206,38;44,204
206,39;44,213
206,40;44,222
206,41;44,231
206,42;44,240
206,43;44,249
206,44;44,258
206,45;44,267
206,46;44,276
206,47;44,285
206,48;44,294
206,49;44,303
206,50;44,312
206,51;44,321
206,52;44,330
206,53;44,339
206,54;44,348
206,55;44,357
206,56;44,366
206,57;44,375
206,58;44,384
206,59;44,393
206,60;44,402
206,61;44,411
206,62;44,420
206,63;44,429
206,64;44,438
206,65;44,447
206,66;44,456
206,67;44,465
206,68;44,474
206,69;44,483
206,70;44,491
206,71;44,500
206,72;44,509
206,73;44,518
206,74;44,526
206,75;44,535
206,76;44,544
206,77;44,552
206,78;44,561
206,79;44,570
206,80;44,579
206,81;44,587
206,82;44,596
206,83;44,605
206,84;44,614
206,85;44,623
206,86;44,631
206,87;44,640
206,88;44,649
206,89;44,657
206,90;44,666
206,91;44,675
206,92;44,683
206,93;44,692
206,94;44,701
206,95;44,709
206,96;44,718
206,97;44,727
206,98;44,736
206,99;44,744
207,00;44,753
207,01;44,762
207,02;44,771
207,03;44,780
207,04;44,789
207,05;44,798
207,06;44,807
207,07;44,816
207,08;44,825
207,09;44,833
207,10;44,842
207,11;44,851
207,12;44,860
207,13;44,868
207,14;44,877
207,15;44,886
207,16;44,895
207,17;44,903
207,18;44,912
207,19;44,921
207,20;44,929
207,21;44,938
207,22;44,947
207,23;44,956
207,24;44,964
207,25;44,973
207,26;44,982
207,27;44,990
207,28;44,999
207,29;45,008
207,30;45,016
207,31;45,025
207,32;45,034
207,33;45,042
207,34;45,051
207,35;45,060
207,36;45,069
207,37;45,077
207,38;45,086
207,39;45,095
207,40;45,104
207,41;45,112
207,42;45,121
207,43;45,130
207,44;45,139
207,45;45,148
207,46;45,156
207,47;45,165
207,48;45,174
207,49;45,183
207,50;45,192
207,51;45,201
207,52;45,210
207,53;45,219
207,54;45,227
207,55;45,236
207,56;45,245
207,57;45,254
207,58;45,263
207,59;45,272
207,60;45,281
207,61;45,289
207,62;45,298
207,63;45,307
207,64;45,316
207,65;45,325
207,66;45,334
207,67;45,343
207,68;45,352
207,69;45,361
207,70;45,370
207,71;45,379
207,72;45,388
207,73;45,397
207,74;45,406
207,75;45,415
207,76;45,424
207,77;45,433
207,78;45,442
207,79;45,451
207,80;45,460
207,81;45,469
207,82;45,478
207,83;45,488
207,84;45,497
207,85;45,506
207,86;45,515
207,87;45,525
207,88;45,534
207,89;45,544
207,90;45,553
207,91;45,563
207,92;45,572
207,93;45,582
207,94;45,591
207,95;45,601
207,96;45,610
207,97;45,620
207,98;45,629
207,99;45,638
208,00;45,648
208,01;45,657
208,02;45,667
208,03;45,676
208,04;45,685
208,05;45,695
208,06;45,704
208,07;45,713
208,08;45,723
208,09;45,732
208,10;45,742
208,11;45,751
208,12;45,760
208,13;45,770
208,14;45,779
208,15;45,789
208,16;45,798
208,17;45,807
208,18;45,817
208,19;45,826
208,20;45,835
208,21;45,844
208,22;45,853
208,23;45,862
208,24;45,871
208,25;45,881
208,26;45,890
208,27;45,899
208,28;45,908
208,29;45,917
208,30;45,926
208,31;45,936
208,32;45,945
208,33;45,954
208,34;45,963
208,35;45,972
208,36;45,981
208,37;45,990
208,38;45,999
208,39;46,008
208,40;46,017
208,41;46,027
208,42;46,036
208,43;46,045
208,44;46,055
208,45;46,064
208,46;46,073
208,47;46,083
208,48;46,092
208,49;46,102
208,50;46,111
208,51;46,120
208,52;46,130
208,53;46,139
208,54;46,149
208,55;46,158
208,56;46,167
208,57;46,177
208,58;46,186
208,59;46,195
208,60;46,205
208,61;46,214
208,62;46,224
208,63;46,233
208,64;46,242
208,65;46,252
208,66;46,261
208,67;46,270
208,68;46,280
208,69;46,289
208,70;46,299
208,71;46,308
208,72;46,318
208,73;46,327
208,74;46,337
208,75;46,346
208,76;46,356
208,77;46,365
208,78;46,375
208,79;46,384
208,80;46,394
208,81;46,404
208,82;46,413
208,83;46,423
208,84;46,432
208,85;46,442
208,86;46,452
208,87;46,462
208,88;46,471
208,89;46,481
208,90;46,491
208,91;46,501
208,92;46,511
208,93;46,521
208,94;46,531
208,95;46,541
208,96;46,551
208,97;46,561
208,98;46,571
208,99;46,582
209,00;46,592
209,01;46,602
209,02;46,613
209,03;46,623
209,04;46,633
209,05;46,643
209,06;46,653
209,07;46,663
209,08;46,673
209,09;46,683
209,10;46,693
209,11;46,703
209,12;46,713
209,13;46,723
209,14;46,733
209,15;46,743
209,16;46,753
209,17;46,763
209,18;46,772
209,19;46,782
209,20;46,792
209,21;46,802
209,22;46,811
209,23;46,821
209,24;46,831
209,25;46,841
209,26;46,851
209,27;46,861
209,28;46,871
209,29;46,881
209,30;46,891
209,31;46,901
209,32;46,911
209,33;46,921
209,34;46,931
209,35;46,941
209,36;46,952
209,37;46,962
209,38;46,972
209,39;46,982
209,40;46,992
209,41;47,002
209,42;47,012
209,43;47,022
209,44;47,032
209,45;47,043
209,46;47,054
209,47;47,064
209,48;47,075
209,49;47,085
209,50;47,095
209,51;47,106
209,52;47,116
209,53;47,126
209,54;47,136
209,55;47,146
209,56;47,155
209,57;47,165
209,58;47,175
209,59;47,185
209,60;47,195
209,61;47,204
209,62;47,214
209,63;47,224
209,64;47,235
209,65;47,245
209,66;47,255
209,67;47,265
209,68;47,275
209,69;47,285
209,70;47,295
209,71;47,305
209,72;47,315
209,73;47,326
209,74;47,336
209,75;47,346
209,76;47,356
209,77;47,367
209,78;47,377
209,79;47,387
209,80;47,397
209,81;47,407
209,82;47,418
209,83;47,428
209,84;47,438
209,85;47,449
209,86;47,459
209,87;47,470
209,88;47,480
209,89;47,491
209,90;47,502
209,91;47,513
209,92;47,524
209,93;47,535
209,94;47,546
209,95;47,557
209,96;47,568
209,97;47,579
209,98;47,591
209,99;47,602
210,00;47,613
210,01;47,624
210,02;47,635
210,03;47,645
210,04;47,655
210,05;47,665
210,06;47,675
210,07;47,685
210,08;47,695
210,09;47,705
210,10;47,715
210,11;47,725
210,12;47,735
210,13;47,745
210,14;47,755
210,15;47,765
210,16;47,774
210,17;47,784
210,18;47,794
210,19;47,804
210,20;47,814
210,21;47,824
210,22;47,833
210,23;47,843
210,24;47,853
210,25;47,863
210,26;47,872
210,27;47,882
210,28;47,892
210,29;47,902
210,30;47,912
210,31;47,921
210,32;47,931
210,33;47,942
210,34;47,952
210,35;47,962
210,36;47,972
210,37;47,981
210,38;47,991
210,39;48,001
210,40;48,010
210,41;48,020
210,42;48,029
210,43;48,039
210,44;48,048
210,45;48,058
210,46;48,068
210,47;48,077
210,48;48,087
210,49;48,096
210,50;48,106
210,51;48,115
210,52;48,125
210,53;48,134
210,54;48,144
210,55;48,153
210,56;48,163
210,57;48,172
210,58;48,182
210,59;48,191
210,60;48,201
210,61;48,210
210,62;48,219
210,63;48,229
210,64;48,238
210,65;48,248
210,66;48,258
210,67;48,268
210,68;48,277
210,69;48,287
210,70;48,297
210,71;48,307
210,72;48,316
210,73;48,326
210,74;48,336
210,75;48,346
210,76;48,355
210,77;48,365
210,78;48,374
210,79;48,384
210,80;48,393
210,81;48,403
210,82;48,413
210,83;48,422
210,84;48,432
210,85;48,441
210,86;48,451
210,87;48,461
210,88;48,470
210,89;48,480
210,90;48,489
210,91;48,499
210,92;48,508
210,93;48,518
210,94;48,527
210,95;48,536
210,96;48,546
210,97;48,555
210,98;48,565
210,99;48,574
211,00;48,584
211,01;48,593
211,02;48,603
211,03;48,612
211,04;48,622
211,05;48,631
211,06;48,641
211,07;48,650
211,08;48,660
211,09;48,669
211,10;48,679
211,11;48,689
211,12;48,698
211,13;48,708
211,14;48,717
211,15;48,727
211,16;48,736
211,17;48,746
211,18;48,755
211,19;48,764
211,20;48,774
211,21;48,783
211,22;48,793
211,23;48,802
211,24;48,812
211,25;48,821
211,26;48,830
211,27;48,840
211,28;48,850
211,29;48,859
211,30;48,869
211,31;48,878
211,32;48,888
211,33;48,897
211,34;48,907
211,35;48,916
211,36;48,926
211,37;48,935
211,38;48,945
211,39;48,955
211,40;48,964
211,41;48,974
211,42;48,984
211,43;48,994
211,44;49,003
211,45;49,013
211,46;49,023
211,47;49,033
211,48;49,043
211,49;49,053
211,50;49,063
211,51;49,073
211,52;49,083
211,53;49,093
211,54;49,103
211,55;49,113
211,56;49,123
211,57;49,133
211,58;49,143
211,59;49,153
211,60;49,163
211,61;49,173
211,62;49,183
211,63;49,193
211,64;49,203
211,65;49,214
211,66;49,224
211,67;49,234
211,68;49,244
211,69;49,254
211,70;49,264
211,71;49,274
211,72;49,284
211,73;49,294
211,74;49,304
211,75;49,314
211,76;49,324
211,77;49,335
211,78;49,345
211,79;49,355
211,80;49,366
211,81;49,376
211,82;49,387
211,83;49,397
211,84;49,408
211,85;49,418
211,86;49,429
211,87;49,440
211,88;49,451
211,89;49,462
211,90;49,473
211,91;49,483
211,92;49,494
211,93;49,504
211,94;49,515
211,95;49,525
211,96;49,536
211,97;49,547
211,98;49,557
211,99;49,568
212,00;49,578
212,01;49,588
212,02;49,599
212,03;49,609
212,04;49,619
212,05;49,630
212,06;49,640
212,07;49,651
212,08;49,661
212,09;49,671
212,10;49,682
212,11;49,692
212,12;49,703
212,13;49,713
212,14;49,724
212,15;49,735
212,16;49,746
212,17;49,757
212,18;49,768
212,19;49,780
212,20;49,791
212,21;49,802
212,22;49,813
212,23;49,823
212,24;49,834
212,25;49,845
212,26;49,856
212,27;49,867
212,28;49,878
212,29;49,888
212,30;49,898
212,31;49,909
212,32;49,919
212,33;49,929
212,34;49,940
212,35;49,950
212,36;49,960
212,37;49,971
212,38;49,981
212,39;49,992
212,40;50,002
212,41;50,012
212,42;50,022
212,43;50,032
212,44;50,043
212,45;50,053
212,46;50,063
212,47;50,073
212,48;50,084
212,49;50,094
212,50;50,104
212,51;50,114
212,52;50,124
212,53;50,134
212,54;50,144
212,55;50,154
212,56;50,164
212,57;50,174
212,58;50,184
212,59;50,194
212,60;50,204
212,61;50,214
212,62;50,224
212,63;50,234
212,64;50,244
212,65;50,253
212,66;50,263
212,67;50,273
212,68;50,283
212,69;50,293
212,70;50,303
212,71;50,313
212,72;50,323
212,73;50,333
212,74;50,343
212,75;50,353
212,76;50,363
212,77;50,374
212,78;50,384
212,79;50,394
212,80;50,404
212,81;50,415
212,82;50,425
212,83;50,435
212,84;50,446
212,85;50,456
212,86;50,466
212,87;50,477
212,88;50,487
212,89;50,497
212,90;50,508
212,91;50,518
212,92;50,529
212,93;50,539
212,94;50,550
212,95;50,560
212,96;50,571
212,97;50,581
212,98;50,591
212,99;50,602
213,00;50,612
213,01;50,623
213,02;50,633
213,03;50,644
213,04;50,655
213,05;50,665
213,06;50,676
213,07;50,686
213,08;50,696
213,09;50,706
213,10;50,716
213,11;50,726
213,12;50,736
213,13;50,746
213,14;50,756
213,15;50,766
213,16;50,776
213,17;50,786
213,18;50,796
213,19;50,807
213,20;50,817
213,21;50,827
213,22;50,837
213,23;50,847
213,24;50,857
213,25;50,867
213,26;50,877
213,27;50,888
213,28;50,898
213,29;50,908
213,30;50,918
213,31;50,928
213,32;50,938
213,33;50,948
213,34;50,958
213,35;50,968
213,36;50,978
213,37;50,989
213,38;50,999
213,39;51,009
213,40;51,019
213,41;51,029
213,42;51,040
213,43;51,050
213,44;51,061
213,45;51,071
213,46;51,082
213,47;51,092
213,48;51,103
213,49;51,113
213,50;51,123
213,51;51,133
213,52;51,144
213,53;51,154
213,54;51,164
213,55;51,173
213,56;51,183
213,57;51,193
213,58;51,202
213,59;51,212
213,60;51,221
213,61;51,230
213,62;51,239
213,63;51,249
213,64;51,258
213,65;51,267
213,66;51,277
213,67;51,286
213,68;51,295
213,69;51,304
213,70;51,313
213,71;51,322
213,72;51,331
213,73;51,339
213,74;51,348
213,75;51,357
213,76;51,365
213,77;51,373
213,78;51,382
213,79;51,390
213,80;51,398
213,81;51,406
213,82;51,415
213,83;51,423
213,84;51,431
213,85;51,439
213,86;51,447
213,87;51,455
213,88;51,463
213,89;51,471
213,90;51,479
213,91;51,488
213,92;51,495
213,93;51,503
213,94;51,511
213,95;51,518
213,96;51,526
213,97;51,533
213,98;51,541
213,99;51,548
214,00;51,555
214,01;51,562
214,02;51,569
214,03;51,576
214,04;51,583
214,05;51,590
214,06;51,596
214,07;51,603
214,08;51,610
214,09;51,616
214,10;51,623
214,11;51,629
214,12;51,636
214,13;51,642
214,14;51,649
214,15;51,655
214,16;51,662
214,17;51,668
214,18;51,675
214,19;51,681
214,20;51,688
214,21;51,694
214,22;51,701
214,23;51,707
214,24;51,714
214,25;51,721
214,26;51,727
214,27;51,733
214,28;51,740
214,29;51,746
214,30;51,752
214,31;51,759
214,32;51,765
214,33;51,771
214,34;51,778
214,35;51,784
214,36;51,790
214,37;51,795
214,38;51,801
214,39;51,807
214,40;51,813
214,41;51,819
214,42;51,824
214,43;51,830
214,44;51,836
214,45;51,841
214,46;51,847
214,47;51,852
214,48;51,857
214,49;51,862
214,50;51,867
214,51;51,872
214,52;51,877
214,53;51,882
214,54;51,886
214,55;51,891
214,56;51,896
214,57;51,900
214,58;51,905
214,59;51,909
214,60;51,913
214,61;51,917
214,62;51,921
214,63;51,924
214,64;51,928
214,65;51,931
214,66;51,934
214,67;51,938
214,68;51,940
214,69;51,943
214,70;51,946
214,71;51,948
214,72;51,951
214,73;51,953
214,74;51,955
214,75;51,957
214,76;51,959
214,77;51,960
214,78;51,962
214,79;51,963
214,80;52,861
